"Bilateral Remittance Estimates for 2014 using Migrant Stocks, Host Country Incomes, and Origin Country Incomes (millions of US$) (April 2015 Version)",,,,,,,,,,,,,,,,,,,,,,,,,,,,,,,,,,,,,,,,,,,,,,,,,,,,,,,,,,,,,,,,,,,,,,,,,,,,,,,,,,,,,,,,,,,,,,,,,,,,,,,,,,,,,,,,,,,,,,,,,,,,,,,,,,,,,,,,,,,,,,,,,,,,,,,,,,,,,,,,,,,,,,,,,,,,,,,,,,,,,,,,,,,,,,,,,,,,,,,,,,,,,,,,,,,,,,,
Remittance-receiving country (across) - Remittance-sending country (down),Afghanistan,Albania,Algeria,American Samoa,Andorra,Angola,Antigua and Barbuda,Argentina,Armenia,Aruba,Australia,Austria,Azerbaijan,"Bahamas, The",Bahrain,Bangladesh,Barbados,Belarus,Belgium,Belize,Benin,Bermuda,Bhutan,Bolivia,Bosnia and Herzegovina,Botswana,Brazil,Brunei Darussalam,Bulgaria,Burkina Faso,Burundi,Cabo Verde,Cambodia,Cameroon,Canada,Cayman Islands,Central African Republic,Chad,Channel Islands,Chile,China,Colombia,Comoros,"Congo, Dem. Rep.","Congo, Rep.",Costa Rica,Cote d'Ivoire,Croatia,Cuba,Curacao,Cyprus,Czech Republic,Denmark,Djibouti,Dominica,Dominican Republic,Ecuador,"Egypt, Arab Rep.",El Salvador,Equatorial Guinea,Eritrea,Estonia,Ethiopia,Faeroe Islands,Fiji,Finland,France,French Polynesia,Gabon,"Gambia, The",Georgia,Germany,Ghana,Greece,Greenland,Grenada,Guam,Guatemala,Guinea,Guinea-Bissau,Guyana,Haiti,Honduras,"Hong Kong SAR, China",Hungary,Iceland,India,Indonesia,"Iran, Islamic Rep.",Iraq,Ireland,Isle of Man,Israel,Italy,Jamaica,Japan,Jordan,Kazakhstan,Kenya,Kiribati,"Korea, Dem. Rep.","Korea, Rep.",Kosovo,Kuwait,Kyrgyz Republic,Lao PDR,Latvia,Lebanon,Lesotho,Liberia,Libya,Liechtenstein,Lithuania,Luxembourg,"Macao SAR, China","Macedonia, FYR",Madagascar,Malawi,Malaysia,Maldives,Mali,Malta,Marshall Islands,Mauritania,Mauritius,Mexico,"Micronesia, Fed. Sts.",Moldova,Monaco,Mongolia,Montenegro,Morocco,Mozambique,Myanmar,Namibia,Nepal,Netherlands,New Caledonia,New Zealand,Nicaragua,Niger,Nigeria,Northern Mariana Islands,Norway,Oman,Pakistan,Palau,Panama,Papua New Guinea,Paraguay,Peru,Philippines,Poland,Portugal,Puerto Rico,Qatar,Romania,Russian Federation,Rwanda,Samoa,San Marino,Sao Tome and Principe,Saudi Arabia,Senegal,Serbia,Seychelles,Sierra Leone,Singapore,Sint Maarten (Dutch part),Slovak Republic,Slovenia,Solomon Islands,Somalia,South Africa,South Sudan,Spain,Sri Lanka,St. Kitts and Nevis,St. Lucia,St. Martin (French part),St. Vincent and the Grenadines,Sudan,Suriname,Swaziland,Sweden,Switzerland,Syrian Arab Republic,Tajikistan,Tanzania,Thailand,Timor-Leste,Togo,Tonga,Trinidad and Tobago,Tunisia,Turkey,Turkmenistan,Turks and Caicos Islands,Tuvalu,Uganda,Ukraine,United Arab Emirates,United Kingdom,United States,Uruguay,Uzbekistan,Vanuatu,"Venezuela, RB",Vietnam,Virgin Islands (U.S.),West Bank and Gaza,"Yemen, Rep.",Zambia,Zimbabwe,World
Afghanistan,,,,,,,,,,,,,,,,,,,,,,,,,,,,,,,,,,,,,,,,,,,,,,,,,,,,,,,,,,,,,,,,,,,,,,,,,,,,,,,,,,,,,,,,,,,,,,,,,,,,,,,,,,,,,,,,,,,,,,,,,,,,,,,,,,,,,,,,,,,,,,,,,,88,,,,,,,,,,,,,,,,,,,,,,,,,,,,,,,,,,,,,,,,,,95,,,,,,,,,,,,,,,,,,,,,,,,,,,184
Albania,,,,,,,,,,,,,,,,,,,,,,,,,30,,,,,,,,,,0,,,,,,,,,,,,,21,,,,,,,,,,2,,,,,,,,,1,,,,,1,,63,,,,,,,,,,,5,,,,,,,,,3,,,,,,,,,,,,,,,,,,,,,,2,,,,,,,,,,,,,,,8,,,,,,,,,,,,,,,,,,,,,,,,,,,0,,,,,,,85,,,,,,3,,,,,,,,,,,,,,,,,,,,,,,,,0,,,,,,,,2,,,,,,,,,,,228
Algeria,,,,,,,,,,,1,1,,,,0,,0,3,,,,,,,,,,,,,,,,1,,,,,,4,,2,,,,0,,,,,,1,1,,,,,0,,,,0,,,1,14,,,,,6,0,0,,,,,,,,,,,,,4,5,,2,,,,4,,1,18,0,,,,0,,0,,,,24,,,,,,,,,,,1,,,,,,,,,,,,,2,,,,,1,,,,,10,,,1,1,,,,,,4,0,,,8,0,1,,,,,7,1,,,,,,,,,,0,,1,,,,,,1,,,2,1,2,1,,3,,,,,2,0,,,,,0,,1,5,,,,,,,34,9,,,191
American Samoa,,,,,,,,,,,,,,,,,,,,,,,,,,,,,,,,,,,,,,,,,5,,,,,,,,,,,,,,,,,,,,,,,,0,,,,,,,,,,,,,,,,,,,,,,,,,,,,,,,,,,,,,1,,,,,,,,,,,,,,,,,,,,,,,,,,,,,,,,,,,,,1,,,,,,,,,,,,,6,,,,,,,,32,,,,,,,,,,,,,,,,,,,,,,,,,,,,,,,,,3,,,,,,,,,,,8,,,,,1,,,,,,57
Andorra,,,,,,,,0,,,0,,,,,,,,4,,,,,,,,,,,,,,,,,,,,,0,,,,,,,,,,,,,1,,,,,,,,,,,,,,53,,,,,1,,,,,,,,,,,,,,,0,,,,,,,1,,,,,,,,,,,,,,,,,,,,,,,,,,,,,,,,,,,,,,1,,,,,0,,,,,,,,,,,,,,,2,,26,,,,,,,,,,,,,,,,,,,,,,205,,,,,,,,,1,0,,,,,,,,,,,,,,,,,0,0,0,,,,,,,,,,297
Angola,,,,,,,,,,,,,,,,,,,,,,,,,,,,,,,,7,,,,,,,,,,,,1,,,0,,,,,,,,,,,,,,,,,,,,,,,,,,,,,,,,0,,,,,,,,,,,,,,,,,,,,,,,,,,,,,,,,,,,,,,,,,,,,,,,,,,,,,,0,,0,,,,,,,,,,,,,,,,,,,26,,,,,1,,,5,,,,,,,,,,,,7,,,,,,,,,,,,,,,,,,,,,,,,,,,,,,,,,,,,,,,0,,46
Antigua and Barbuda,,,,,,,,,,0,0,,,,,,0,,,0,,1,,,,,,,,,,,,,0,,,,,,1,,,,,,,,,0,,,,,1,5,,0,,,,,1,,,,1,,,,,0,0,,,0,,,,,4,0,0,,,,0,,,,,,,0,7,0,,,,,,,,,,,,1,,,,,,,,,,,,,,,,,,0,,,,,,,,,,,0,,0,,,1,,,,,,,,,,,,,,,,,,,,,,,,,,,0,,,,,0,,0,,1,0,,0,,0,,,,0,,,,,,,0,,,,,,,,,0,6,,,,0,,,,,,,32
Argentina,0,0,0,,,0,,,2,,6,9,0,,,0,0,0,26,0,0,,0,616,0,0,64,,0,0,0,0,0,0,2,,,,,0,92,79,,0,,3,0,2,,,0,3,2,,0,30,21,1,1,,,0,0,,0,1,122,,,0,0,39,0,1,,0,,2,0,0,0,0,1,0,7,0,7,0,0,0,0,,4,392,0,15,0,0,0,,,6,,0,0,0,0,9,,0,,,1,1,,0,0,0,0,0,0,0,,,0,19,,0,,0,2,0,0,0,0,0,2,24,,0,0,,,1,0,0,,3,0,479,398,14,12,14,,0,1,2,0,0,,,0,1,0,,0,,,1,4,,,0,,869,0,,,,,0,0,,6,8,0,,0,1,,0,0,0,0,0,,,,0,7,,1,59,44,,,2,0,,0,0,0,,"3,549"
Armenia,,,,,,,,,,,,,314,,,,,0,,,,,,,,,,,,,,,,,,,,,,,,,,,,,,,,,,,,,,,,,,,,,,,,,,,,,89,2,,1,,,,,,,,,,,,,,,7,,,,,,,,,0,,,,,,,,,,10,,,,,,,,,,,,,,,,,,,,,,,,,,,,,,,,,,,,,,,,,,,,,,,,,,10,,,,,,,,,,,,,,,,,,,,,,,,,,,,,5,,,,,,,,,1,,,,,3,,,,,,,,,,,,,,443
Aruba,,0,0,,,,0,0,,,0,0,,,,0,0,,1,,,0,,0,,,0,,0,,,0,,,0,,,,,0,7,16,,,,0,,0,,,,,0,,0,13,0,0,0,,,,0,,0,0,1,,,0,,0,0,0,,0,,0,,,0,2,0,0,0,0,1,0,0,,0,,0,0,1,0,,,0,,,0,,0,,0,0,0,0,,,,,,0,0,,0,,,0,,,,0,,,,,,,0,,,,0,7,,,0,0,0,,0,,0,,0,,0,2,4,0,0,,,0,0,0,,,,0,,0,,,,0,0,0,,,0,,0,0,0,0,,0,0,0,,0,0,0,,0,0,,,0,0,0,0,,,,,0,,0,1,,,,1,0,,,,,,61
Australia,5,3,2,,,0,0,8,4,0,,122,1,,,69,0,1,154,0,0,55,0,2,50,1,25,,5,0,1,0,12,0,41,,,,,0,"2,936",23,0,0,,2,0,129,,0,14,73,61,0,0,1,5,246,31,,,8,9,0,71,36,416,70,,1,1,522,1,113,,0,,2,0,0,0,0,1,46,192,4,"1,842",164,30,6,80,,29,611,2,205,27,0,59,2,,266,,0,1,1,15,"1,057",0,9,,,14,7,1,32,1,0,130,1,0,318,0,,47,7,0,2,,3,2,4,1,2,0,91,151,127,365,2,0,103,,18,2,93,,1,13,0,20,868,121,43,,18,19,17,1,27,,0,13,1,131,5,2,,0,22,34,14,,221,,151,384,0,0,,0,4,0,0,129,67,4,1,2,323,18,1,22,1,2,16,,,0,14,23,,458,195,4,,4,1,"1,029",,2,2,2,,"15,957"
Austria,1,3,1,,,0,0,1,9,,11,,2,,,6,0,1,54,0,0,2,0,1,192,0,7,,22,0,0,0,0,1,2,,,,,0,114,3,,0,,1,0,69,,,0,204,7,0,0,10,1,81,0,,,1,1,,0,5,111,,,2,10,781,1,3,,0,,2,0,0,0,0,0,0,365,1,67,2,13,1,1,,6,69,0,11,3,0,4,,,,77,0,2,0,2,20,0,1,,,4,22,0,13,0,0,0,0,0,1,,,0,3,0,5,,7,36,4,0,0,0,2,13,,0,0,0,177,,4,0,13,,0,0,0,3,62,123,4,,1,76,20,0,0,,0,0,1,386,0,0,,,111,81,0,,4,,36,4,0,0,,0,0,0,0,39,65,1,2,0,31,,0,0,0,13,58,,,0,1,12,,4,23,0,,0,0,15,,0,0,0,,"3,857"
Azerbaijan,,,,,,,,,10,,,,,,,,,12,,,,,,,,,,,0,,,,,,,,,,,,2,,,,,,,,,,,,,,,,,,,,,2,,,,1,,,,,14,11,,,,,,,,,,,,,1,,,,,,,,,,,,,1,,,,1,,,9,,3,,,,,,16,,,,,,,,,,,,,,,9,,0,,,,,,,,,,,,,,,,,,,,,,,9,,,,1,112,,,,,,,,,,,,,,,,,,,,,,,,,,,,,,20,,,,,,,,1,,,,,53,,,,,,,,1,,,,,,288
"Bahamas, The",,,,,,,0,0,,0,0,0,,,,,0,,1,0,,3,,,,0,0,,0,,,,,,1,,,,,0,1,0,,,,0,,,,,,0,0,,0,1,0,0,0,,,0,,,,0,2,,,,,1,0,0,,0,,0,,,1,48,0,0,0,0,2,0,0,,0,,0,0,10,0,,,0,,,0,,,,,,0,,,,,,,,0,,,0,,,0,,,,0,,,,,,0,,,,,0,,0,0,,2,,0,,0,,0,,,0,4,0,0,,,0,0,,,,,0,0,,,0,,,,,,,0,,1,0,0,0,,0,,,0,0,1,,,,0,,,,0,,0,,,,0,0,,1,10,0,,,0,0,,,,0,,92
Bahrain,0,,,,,,,,,,,,,,,216,,,,,,,,,,,,,,,,,,,,,,,,,,,,,,,,,,,,,,,,,,356,,,,,1,,,,11,,,,,,,,,,,,,,,,,,,,"1,272",60,,,,,,,,,59,,,,,,,0,,,,25,,,,,,,,,,,,,,,,,,,,,,,,2,,,,2,0,,,,,12,,,,234,,,,,,194,,,,2,,,,,,,1,,,,,,,,,,,,,,37,,,,,5,,,,,2,,,5,,,,,2,1,,,,,,,1,3,,,,,,,3,44,,,"2,552"
Bangladesh,,,,,,,7,,,,,,,,,,,,,,,,,,,,18,,,,,,3,,,,,,,,958,,,,,,,,,,,,,,,,,,,,,,,,,,,,,,,,,,,,,,,,,,,,,,114,255,,,,,,,,49,,,,,,,,,,3,,,,,,,,,,,,,191,,,,,,,,,,,,,,,9,,51,,,,,,,,52,,,,,,,,,,,,,,,,,,,,,,,,,,,,,,,,,,,,,,,,,,,,,,50,,,,,,,,,,,,,12,98,,,,,80,,,,,,"1,951"
Barbados,,,,,,,0,,,,0,,,,,,,,,,,,,,,,,,,,,,,,1,,,,,,,,,,,,,,,,,,,,0,,,,,,,,,,,,,,,,,,,,,0,,,,,2,,,,,,2,,,,,,,,1,,,,,,,,,,,,,,,,,,,,,,,,,,,,,,,,,,,,,,,,,,,,,,,,,,,,,,,,,,,,,,,,,,,,,,,,,,,,,,,,,,,,2,,2,,,,,,,,,,,,,1,,,,,,,,,1,3,,,,,,,,,,,17
Belarus,0,,,,,,,,15,,,,19,,,,,,,,,,,,,,,,,,,,,,0,,,,,,,,,,,,,,,,,,1,,,,,,,,,7,,,,7,,,,,23,,,0,,,,,,,,,,,2,,,,,,,,1,,,,,4,,,,,,,15,,22,,,,,,65,,,,,,,,,,,,,,,16,,1,,,,,,,,,,,,,,,,,,,,,,,1,,,,,441,,,,,,,,,,,,,,,,,,,,,,,,,,,4,,,34,,,,,,,,,,,,,290,,0,,,,,,1,,,,,,969
Belgium,1,5,29,,,0,,,18,,7,30,2,,,4,,2,,,1,,,,5,,15,,31,,1,,,13,5,,,,,0,118,5,,5,,,2,4,,,0,22,32,,,4,,12,,,,3,1,,,22,"2,257",,,,8,315,1,26,,,,,2,,,1,,,46,,72,5,6,0,8,,8,314,,35,0,0,,,,3,28,,7,,3,36,,,,,9,275,,4,,,,,,3,,,2,3,,,,,6,472,,,,5,202,,,,2,101,,11,,22,,,,,4,29,130,68,,,54,33,5,,,,,10,67,,1,,,24,7,,,2,,386,,,,,,,,,104,19,1,,,35,,5,,,29,35,,,,,7,,19,52,,,,,10,,,,,,"5,835"
Belize,,,,,,,,,,,,,,,,,,,,,,,,,,,,,,,,,,,1,,,,,,5,,,,,,,,,,,,,,,,,,23,,,,,,,,,,,,,0,,,,,,86,,,,0,15,0,,,1,,,,,,,,1,,,,,,,,,,,,,1,,,,,,,,,,,,,,,,,,8,,,,,,,,,,,,,,,,1,,,,,,,,,,,,,,,,,,,,,,,,,,,,,,,,,,,,,,,,,,,,,,,,,,,,,,,,,,,,,0,7,,,,,,,,,,,149
Benin,,,,,,,,,,,,,,,,,,,,,,,,,,,,,,1,,,,,,,,,,,,,,,,,4,,,,,,,,,,,,,,,,,,,,21,,,,,,1,,,,,,,,,,,,,,,,,,,,,,,,,,,,,,,,,,,,,,,,,,,,,,,,1,,,,,,,,,,,,,,,,,,,,32,612,,,,,,,,,,,,,,,,,,,,,,,,,,,,,,,,,,,,,,,,,,,,,,,,,,24,,,,,,,,,,,,,,,,,,,,,,,697
Bermuda,0,0,0,,,0,0,0,0,0,0,0,0,,,0,0,0,0,0,0,,0,0,0,,0,,0,0,,0,0,0,2,,,,,0,0,0,,0,,0,0,0,,,0,0,0,,0,0,0,0,0,,,0,0,,0,0,1,,,0,0,1,0,0,,0,,0,,,0,3,0,0,0,0,3,0,0,0,0,,0,0,3,0,0,,0,0,,0,,0,,0,0,0,0,,,,0,0,,0,0,0,0,0,,0,,,0,0,,,,,,0,,0,0,0,0,,0,0,,1,,0,0,0,,0,0,,0,6,0,4,,0,0,0,0,,,,0,0,0,0,0,,,0,0,,,0,,0,1,0,0,,0,0,0,0,0,0,0,,0,0,,,0,0,0,0,,,0,0,0,,1,8,0,,,0,0,,0,0,0,,42
Bhutan,,,,,,,,,,,0,0,,,,0,,,,,,,,,,,,,,,,,,,0,,,,,,5,,,,,,,,,,,,0,,,,,,,,,,,,,,0,,,,,0,,,,,,,,,,,,,,,170,,,,,,,0,,0,,,,,,0,,,,,,,,,,,,,,,,,0,,,,,,,,,,,,,,,0,,1,0,,0,,,,,,,0,,,,,,0,,,,,,,,,,,,,,,,,,,,,,,,,0,,,,,,,,0,0,,,,0,,,,,,,,,,,,,0,0,,,,,,,,,,,180
Bolivia,0,,0,,,0,,18,0,0,0,1,0,,,0,,0,6,1,0,,,,0,,27,,0,,,0,,0,1,,,,,0,5,4,,0,,0,0,0,,,0,0,0,,0,0,1,0,0,,,0,0,,,0,9,,,,0,6,0,0,,,,0,0,,0,0,1,,0,,0,0,0,0,0,,0,3,0,5,0,0,0,,,1,,0,0,,,0,,0,,,0,0,,0,0,0,0,,0,0,,,,14,,0,,0,0,0,0,,,0,0,,0,0,0,0,,0,,0,,0,0,2,15,0,0,0,,0,0,0,0,,,,0,0,0,,0,,,0,0,0,,0,,90,0,,,,,0,,,2,2,0,0,0,0,,0,,0,0,0,,,,,0,,0,9,0,,,0,0,,0,,0,,227
Bosnia and Herzegovina,,0,,,,,,0,,,0,1,,,,,,0,0,,,,,,,,0,,0,,,,,,0,,,,,0,0,,,,,,,12,,,,0,0,,,,,,,,,,,,,,1,,,,,1,,0,,,,,,,,,,,1,,,,,0,,,,0,,,0,,,,,,,,,,,,,,,,,,,1,,,,,,,,,,,,0,,,4,,,,,,0,,0,,,,,,,,,,,,0,,0,,,,0,0,,,,,,,15,,,,,7,5,,,0,,,,,,,,,,,0,0,0,,,,,,,,,0,,,,,0,,0,0,,,,,,,,,0,,49
Botswana,,,,,,0,,,,,2,,,,,,,,,,,,,,,,,,,,,,,,0,,,,,,22,,,0,,,,,,,,,2,,,,,,,,,,,,,,,,,,,4,,,,,,,,,,,,,,,35,,,,1,,,1,,,,,2,,,,,,,,,,4,,,,,,,,1,1,,,,,,,3,,,,,,,,0,,0,,1,,,,,11,,2,,1,,,,,,,,1,,,,,,,,,,,,0,,,,,,,,39,,,6,,,,,,,0,5,,,,1,,,,,,,,,,,4,,,3,3,,,,,,,,,3,,159
Brazil,0,,0,,,0,,15,0,,3,13,,,,0,0,0,36,0,0,,,49,0,,,,0,0,0,1,0,0,1,,,,,0,111,11,,0,,2,0,1,,,,2,3,,0,1,3,15,1,,,0,0,,,2,121,,,,0,62,0,1,,0,,1,0,1,1,0,0,,11,3,4,1,0,0,,,5,97,0,180,4,0,0,0,,21,,0,,0,0,122,,0,,,3,2,,0,0,0,0,0,0,0,,,,4,,,,,0,1,1,0,0,0,5,,0,1,0,19,,2,0,1,,3,,24,25,1,6,285,,,2,1,0,,,0,0,1,1,0,0,,,1,1,,,2,,273,0,0,0,,0,0,0,,7,13,1,0,0,2,0,0,,0,0,0,,,,0,1,,2,52,8,,,0,0,,,,,,"1,660"
Brunei Darussalam,,,,,,,,,,,4,,,,,5,,,,,,,,,,,,,,,,,,,,,,,,,7,,,,,,,,,,,,,,,,,,,,,,,,,,,,,,,,,,,,,,,,,,,3,,,57,1,,,,,,,,375,,,,,,26,,,,,,,,,,,,,,,,,1,,,,,,,,,,,,,,,,,1,2,,16,,,,,,,1,,,,,,16,,,,,,,,,,,,,,,,,,,,,,,,,16,,,,,,,,,,,,,143,,,,,,,,,,,,,2,1,,,,,,,,,,,677
Bulgaria,0,1,0,,,0,0,0,4,0,1,1,3,,,1,0,0,9,0,0,0,0,0,0,0,0,,,0,0,0,0,0,0,,,,,0,5,0,,0,,0,0,0,,,0,4,0,0,0,0,0,1,0,,,0,0,,0,0,7,,,0,1,8,0,4,,,,0,0,0,0,0,0,,3,1,1,0,0,0,0,,1,3,0,0,1,0,0,0,,0,,0,0,0,0,6,,0,,,0,0,,1,0,,0,0,0,0,0,,0,0,,4,,0,0,0,0,,0,0,0,,0,0,0,1,,0,0,0,,0,0,0,0,0,2,0,,0,6,13,0,0,,,0,0,6,,0,,,1,0,,,0,,14,0,,,,,0,0,0,1,1,0,1,0,0,,,0,,0,1,,,0,8,8,,1,3,0,,0,0,2,,,0,0,,150
Burkina Faso,,,,,,,,,,,,,,,,,,,,,1,,,,,,,,,,,,,,,,,,,,,,,,,,183,,,,,,,,,,,,,,,,,,,,,,,,,,4,,,,,,,,,,,,,,,,,,,,,,,,,,,,,,,,,,,,,,,,,,,,,,,,34,,,,,,,,,,,,,,,,,,,,6,53,,,,,,,,,,,,,,,,,,,,,,5,,,,,,,,,,,,,,,,,,,,,,,,,,,,8,,,,,,,,,,,,,,,,,,,,,,,295
Burundi,,,,,,,,,,,,,,,,,,,11,,,,,,,,,,,,,,,,,,,,,,,,,2,,,,,,,,,,,,,,,,,,,,,,,3,,,,,,,,,,,,,,,,,,,,,,,,,,,,,,,,1,,,,,,,,,,,,,,,,,,,,,,,,,,,,,,,,,,,,,,,,,,,,,,,,,,,,,,,,,,,,25,,,,,,,,,,,,,,,,,,,,,,,,,,,,,,4,,,,,,,,,,,1,,,,,,,,,,,,,,,49
Cabo Verde,,,,,,0,,0,,,,,,,,,,,0,,,,,,,,0,,,,,,,,,,,,,,0,,,,,,0,,,0,,,,,,,,,,,,,,,,,3,,,0,,0,0,,,,,,0,2,,,,,,,,,,,,,,1,,0,,,,,,,,,,,,,,,,,,0,,,,,,,0,,,,,0,,,,,,,0,,,,0,,,,,10,,,,,,,,,0,,,2,,,,0,,,,1,,3,,,0,,0,,,,,,,1,,,,,,,,,,0,,,,,0,,,,,,,,,,0,,0,1,,,,,,,,,,,26
Cambodia,,,,,,,,,,,1,,,,,,,,,,,,,,,,,,,,,,,,0,,,,,,9,,,,,,,,,,,,,,,,,,,,,,,,,,4,,,,,0,,,,,,,,,,,,0,,,0,0,,,,,,0,,0,,,,,,0,,,,0,,,,,,,,,,,,,0,,,,,,,,,,,,,,,0,,0,0,,,,,,,,,0,,,,,,1,,,,,,0,,,,,,,,,,,,,,,,,,,0,,,,,,,,,,,,,153,,,,,,,,,,,,,0,0,,,,,111,,,,,,279
Cameroon,,,,,,0,,,,,,,,,,,,,,,1,,,,,,,,,,0,,0,,1,,,,,,,,,0,,,1,,,,,,,,,,,,,,,,,,,,186,,,,,,1,0,,,,,0,,,,,,,,,,,,,,,3,,,,,,,,,,,,,,,,0,,,,,,,,,,,11,,,,,,,,,,,,,,,,1,,,,8,"2,357",,,,,,,,,,,,,,,,,0,,,,,13,,,,,,,,,,,,,,,,,,0,,,,,,,,,,0,,,,,,,,,,,0,7,,,,,,,,,,,"2,591"
Canada,7,12,44,,,0,1,13,8,0,116,133,4,,,91,15,7,509,3,1,251,0,7,41,0,28,,24,0,2,0,8,4,,,,,,0,"4,200",86,0,1,,20,2,79,,0,3,124,103,2,1,26,35,264,133,,,16,21,,29,51,"1,278",22,,2,6,760,5,70,,6,,98,1,0,74,119,30,118,420,5,"2,767",32,91,5,27,,65,898,286,126,42,0,98,,,337,,0,5,1,19,956,0,5,,,31,22,3,6,8,0,23,0,2,57,,,18,127,0,17,,3,0,109,1,1,0,12,205,13,8,21,1,410,,23,2,437,,17,0,6,50,"2,075",378,373,,40,98,52,6,0,,0,15,12,64,2,2,,0,64,46,0,,61,,111,482,5,3,,6,2,0,0,93,100,10,6,10,67,0,3,0,26,32,10,,,,60,103,,242,688,3,,,2,843,,5,4,1,,"23,145"
Cayman Islands,,,,,,,,0,,,1,0,,,,,0,,0,1,,5,,,,,0,,,,,,,,2,,,,,,,1,,,,1,,,,0,,,0,,,0,,,,,,,,,,0,1,,,,,1,,,,0,,,,,0,0,12,,,,4,,0,,0,,0,0,28,0,,,0,,,,,,,,,,,,,,,,,,,,0,,,,,,,0,,,,,,,,,,,0,,0,1,0,0,,,,0,,1,,,0,12,,,,,,,,,,,,,,,,,,,,,,0,,0,,,0,,0,,,,,0,,,0,0,,,,0,,,,,,,,,1,8,,,,0,,,,,0,,84
Central African Republic,,,,,,0,,,,,,,,,,,,,,,0,,,,,,,,,0,0,,,5,0,,,,,,1,,,0,,,0,,,,,,,,,,,0,,,,,,,,,63,,,,,0,,,,,,,0,0,,,,,,,,,,,,,,1,,,,,,,,,,,,,,7,,,,,,,,,,,,,1,,,,,,,,,,,,,,,,,,,,0,35,,,,,,,,,,,,1,,,,,,,,,0,5,,,,,,,,,,,,,,,,,,0,,,,0,,,,,,0,,,,,,,,,,,0,1,,,,,,,,0,,,121
Chad,,,,,,,,,,,,,,,,,,,,,,,,,,,,,,,,,,11,,,,,,,,,,0,,,,,,,,,,,,,,,,,,,,,,,10,,,,,,,,,,,,,,,,,,,,,,,,,,,,,,,,,,,,,,,,,,,,,,,,,,,,,,,,,,,,,,,,,,,,,,,,,,1,190,,,,,,,,,,,,,,,,,,,,,,,,,,,,,,,,,,,,,,,,22,,,,,,,,,,,,,,,,,,,,,,,,,,,,,,,,,234
Channel Islands,,,,,,,,,,,,,,,,,,,,,,,,,,,,,,,,,,,,,,,,,,,,,,,,,,,,,,,,,,,,,,,,,,,15,,,,,,,,,,,,,,,,,,,,,,,,2,,,,,,,,,,,,,,,,,,,,,,,,,,,,,,,,,,,,,,,,,,,,,,,,,,,,,,,,,,,,,,,10,,,,,,,,,,,,,,,,,,,,,,,,,,,,,,,,,,,,,,,,,,,,,,,,,27,,,,,,,,,,,,54
Chile,0,0,0,,,0,0,34,0,0,6,4,0,,,0,0,0,22,0,0,1,0,41,0,0,14,,0,0,0,0,0,0,2,,,,,,39,31,0,0,,2,0,1,,0,0,1,1,,0,1,43,1,1,,,0,0,0,0,1,49,1,,0,0,27,0,0,,0,,1,0,0,0,0,1,0,3,0,3,0,0,0,0,,2,12,0,4,0,0,0,,,3,,0,0,0,0,3,0,0,,,0,1,0,0,0,0,0,0,0,0,,,0,4,0,0,,0,,0,0,0,0,0,1,1,0,0,0,0,,2,0,0,,3,0,1,268,1,1,1,,1,0,0,0,,,0,0,0,,,0,,,0,0,,,15,,106,0,0,0,,0,0,0,0,17,5,0,0,0,0,,0,1,0,0,0,,,,0,0,,4,24,1,,0,1,0,,1,,0,,817
China,0,,1,,,0,,1,,,62,6,1,,,10,,1,34,,0,,0,0,,,141,,0,,0,,0,0,17,,,,,0,,1,,0,,1,0,0,,,,2,9,,,,1,6,,,,,0,,0,5,188,,,,,55,0,0,,,,,0,0,,,,3,3,1,57,100,1,0,1,,2,15,0,239,3,0,2,,,537,,,3,0,0,4,,0,,,0,,9,,0,,9,,1,,,,1,2,,0,,14,,0,0,3,0,4,5,,2,,0,22,,3,,16,,4,0,,34,445,1,1,,,0,6,0,,,,1,0,0,,0,,,1,,,,2,,30,20,,,,,0,0,,29,6,0,3,0,113,,0,,,0,1,,,,1,2,,4,155,,,,0,124,,0,4,0,,"2,597"
Colombia,0,0,0,,,0,0,2,0,0,1,1,0,,,0,0,0,9,0,,1,0,1,0,0,3,,0,0,0,0,0,0,1,,,,,0,11,,0,0,,4,0,0,,0,0,0,0,0,0,1,25,1,1,,,0,0,,0,0,25,0,,0,0,9,0,0,,0,,2,0,0,0,0,1,0,1,0,1,0,0,0,0,,1,7,0,3,1,0,0,,,1,,0,0,0,0,11,0,0,,,0,1,0,0,0,0,0,0,0,0,0,,0,4,0,0,,0,,0,0,0,,,1,2,0,1,,1,,0,0,0,,10,0,0,8,0,0,0,,,0,0,0,0,,0,0,0,,,0,,0,0,0,0,,0,,56,0,0,0,,,,0,0,2,3,0,0,0,0,0,0,,0,0,0,,,,0,0,,0,40,0,,0,8,0,,0,0,,,265
Comoros,,,,,,,,,,,,,,,,,,,,,,,,,,,,,,,,,,,,,,,,,,,,,,,,,,,,,,,,,,,,,,,,,,,6,,,,,,,,,,,,,,,,,,,,,,,,,,,,,,,,0,,,,,,,,,,,,,,,,,,11,,,,,,,,,,,,,,,,,,,,,,,,,,,,,,,,,,,,,,,,,,,,,,,,,,,,,,,,,,,,,,,,,,,,,,,,0,,,,,,,,,,,,,,,,,,,,,,,,,,17
"Congo, Dem. Rep.",,,,,,0,,,,,,,,,,,,,,,,,,,,,,,,,2,,,,,,,,,,,,,,,,,,,,,,,,,,,,,,,,,,,,,,,,,,,,,,,,,,,,,,,,,,,,,,,,,,,,,,,,,,,,,,,,,,,,,,,,,,,,,,,,,,,,,,,,,,,,,,,,,,,,,,,,,,,,,,,,57,,,,,,,,,,,,,,,,,,,,,,,0,,,,,,,,,,,,,,,,,,4,,,,,,,,,,,,,,,63
"Congo, Rep.",,,,,,0,,,,,,,,,,,,,,,5,,,,,,,,,,,,,4,,,,,,,4,,,6,,,,,,,,,,,,,,,,,,,,,,,95,,,,,2,,,,,,,,,,,,,,,,,,,,,,,,,,,,,,,,,,,,8,,,,,,,,,,,,,24,,,,,,,,,,,,,,,,,,,,,,,,,,,,,,,,,2,,,,1,11,,,,,21,,,,,,,,,,,,,,,,,,,,,,,,,,,,1,,,,,,,,,,,,0,,,,,,,,,,,185
Costa Rica,0,0,0,,,0,0,1,0,0,1,2,0,,,0,0,0,9,0,0,1,0,1,0,0,1,,0,,0,0,0,0,2,,,,,0,53,37,0,0,,,0,0,,0,0,0,1,,0,7,3,0,21,,,0,0,,0,0,18,,,,0,10,0,0,,0,,14,0,,0,0,14,0,0,0,2,0,0,0,0,,1,7,0,2,0,0,0,,,2,,0,0,0,0,1,,0,,,0,0,,0,,0,0,0,0,,,,0,7,0,0,,0,,0,0,0,0,0,2,,0,421,0,1,,1,0,0,,29,,0,7,1,0,0,,0,0,0,0,,,,0,0,0,0,0,,,0,0,,,0,,27,0,0,0,,0,0,0,0,3,5,0,0,0,0,0,0,0,0,0,0,,,,0,0,,0,42,0,,0,1,0,,0,0,0,,761
Cote d'Ivoire,,,,,,,,,,,,,,,,,,,,,23,,,,,,,,,105,,0,,,,,,,,,,,,,,,,,,,,,,,,,,,,,,,,,,,,,,0,,,6,,,,,,20,0,,,,,,,,,,,,,,,,,,,,,,,,,,,,,,79,,,,,,,,,,,347,,,,,,,,,,,,,,,,,,,,28,630,,,,,,,,,,,,,,,,,,,,,,42,,,0,,,,,,,,,,,,,,,,,,,,,,,,,33,,,,,,,,,,,,,,,,,,,,,,,"1,312"
Croatia,,,,,,,,0,,,5,11,,,,,,,6,,,,,,556,,0,,,,,,,,1,,,,,0,,,,,,,,,,,,,0,,,,,,,,,,,,,,17,,,,,31,,,,,,,,,,,,,19,,,,,,,,,8,,,,,,,,,,,,,,,,,,,,,,11,,,,,,,,,,,,,,,60,,,,,,1,,0,,,,,,,,,,,,0,,2,,,,,,,,,,,,308,,,,,,194,,,,,,,,,,,,,,5,3,,,,,,,,,,,,,,,,,0,4,,,,,,,,,,,"1,244"
Cuba,,0,0,,,0,0,0,0,,0,0,0,,,0,0,0,0,0,0,0,,0,0,,0,,0,,,,0,0,0,,,,,0,2,0,,0,,0,,0,,0,,1,0,,0,0,0,0,0,,,,0,,,0,2,,,,0,1,0,0,,0,,0,0,0,0,1,0,0,1,,0,0,0,0,,,0,1,1,0,0,0,0,,,0,,,0,0,0,1,,,,,0,,,,0,,,,,,,,,1,,,,0,,0,,,0,,0,,,0,,0,,0,0,,,0,0,0,0,0,0,0,,,0,1,,0,,,0,,,,,,,0,,0,,,,44,0,,,,0,0,,,0,0,0,,0,,,,,0,,0,,,,0,1,,0,1,0,,,0,,,0,0,,,63
Curacao,,,,,,,0,0,,1,,,,,,,0,,2,,,,,,,,,,,,,,,,0,,,,,,3,8,,,,,,,,,,,,,0,18,,,,,,,,,,,0,,,,,0,,,,0,,,,,0,3,,0,,,3,0,,,,,,0,2,0,,,,,,,,,,,,3,,,,,,,,,,,,,,,,,,0,,,,,,,,,,,15,,0,,,,,0,,,,,,,0,,,2,,,,,,,,,,,,,,,1,,,,,,,0,,0,0,,0,,0,,,,,,,,,,,0,,,,,,,,,0,1,,,,0,,,,,,,63
Cyprus,0,0,0,,,,,0,4,,16,2,0,,,2,,0,7,,0,,,0,0,0,0,,9,,0,,,0,2,,,,,0,12,0,,0,,0,,0,,,,4,1,0,,0,0,32,0,,,0,0,,0,2,13,,,,53,12,0,22,,,,,,,,0,0,,3,0,15,0,1,0,1,,1,1,0,0,2,0,0,,,0,,0,0,0,0,34,,,,,0,0,,0,0,0,0,,,0,,,0,0,,3,,,,0,0,0,0,0,1,,0,0,0,7,,1,0,2,,0,,0,0,36,2,0,,0,6,10,,,,,0,0,8,0,0,,,1,0,,,7,,2,42,,,,,0,0,,12,2,2,0,0,2,,,,0,0,0,,,,0,5,,15,8,0,,,0,0,,0,0,0,,432
Czech Republic,0,1,1,,,0,0,0,13,,5,27,2,,,0,0,7,22,0,0,1,0,0,5,0,1,,11,0,0,0,0,0,2,,,,,0,30,1,0,0,,0,0,9,,,0,,3,0,0,0,0,6,0,,,0,0,,0,2,61,,,0,5,63,0,1,,0,,0,0,0,0,0,0,0,36,0,11,1,1,0,1,,4,14,0,12,2,0,0,0,,7,,0,4,0,1,7,0,0,,,4,1,,2,0,0,1,0,0,0,0,,0,1,,22,,20,0,1,0,0,0,1,8,,0,0,0,23,,1,,3,,0,0,0,1,3,48,1,,1,12,23,0,0,,0,0,0,12,0,0,,,"1,012",2,0,,1,,12,1,0,0,,0,0,0,0,13,5,0,2,0,8,0,0,0,0,4,1,,,0,0,188,,3,15,0,,0,0,209,,0,1,0,,"2,050"
Denmark,2,0,1,,,0,0,1,2,0,14,10,0,,,2,0,1,43,0,0,,0,1,23,0,5,,7,0,0,0,0,1,3,,,,,0,75,6,0,0,,1,0,1,,,0,6,,0,0,1,1,9,0,,,4,2,144,0,13,88,,,2,1,134,0,2,,0,,1,0,0,0,0,1,0,31,48,48,2,12,3,2,,4,16,0,7,6,0,6,0,,22,,0,0,0,10,139,0,1,,,36,15,,2,0,0,1,0,0,1,,,0,2,,1,,0,0,13,0,0,0,6,11,,1,0,0,29,,74,0,36,,0,0,0,2,49,60,3,,2,14,4,1,0,,,0,1,10,0,0,,,5,1,0,,2,,52,31,,0,,0,0,0,0,246,11,2,0,0,69,,0,0,0,3,12,,,,7,10,,6,26,0,,0,0,47,,,0,0,,"1,874"
Djibouti,,,,,,,,,,,,,,,,,,,,,,,,,,,,,,,,,,,,,,,,,,,,,,,,,,,,,,,,,,,,,,,5,,,,,,,,,,,,,,,,,,,,,,,,,,,,,,,,,,,,,,,,,,,,,,,,,,,,,,,,,,,,,,,,,,,,,,,,,,,,,,,,,,,,,,,,,,,,,,,,,,,,,,,,,,,,,,,,,,,,,,,,,,,,,,,,,,,,,,,,,,,,,,,,,,,,,0,,,5
Dominica,,,,,,,0,,,0,0,,,,,,0,,,,,0,,,,,,,,,,,,,0,,,,,,0,,,,,,,,,,,,,,,,,0,,,,,0,,,,1,,,,,0,0,,,,,,,,0,0,0,,,,0,,,,,,,0,0,,,,,,,,,,,,,0,,,,,,,,,,,,,,,,,,,,,,,,,,,,,0,,,,,1,,,,0,,,,,,,,,,,,,,,,,,,,,,,,,,,,,,,,0,0,,0,,0,,,,0,,,,,,,0,,,,,,,,,0,1,,,,0,,,,,,,5
Dominican Republic,0,0,0,,,0,0,2,0,0,0,7,,,,0,0,0,14,0,0,1,0,1,0,,2,,1,,0,0,0,0,4,,,,,0,27,10,,0,,9,0,,,0,0,0,0,,0,,2,0,1,,,,,,,0,44,,,,0,27,,0,,0,,3,0,,0,428,2,,1,0,2,0,0,0,0,,1,25,1,6,0,0,0,,,2,,0,,0,0,10,,0,,,0,1,,0,0,,0,,0,0,,,0,4,,0,,0,0,0,0,0,,,1,1,0,1,0,1,,0,,0,,5,,0,4,1,1,0,,,0,0,,,,0,0,0,1,,0,,0,0,0,,,0,,89,,0,0,,0,0,0,,6,12,0,,0,,,0,0,0,0,0,,,0,,0,,0,39,1,,,3,0,,0,0,0,,808
Ecuador,0,0,0,,,0,,4,0,,3,4,0,,,0,0,0,26,0,0,1,,3,0,0,5,,0,0,,,0,0,3,,,,,0,23,268,,0,,6,0,0,,0,0,2,1,,0,1,,1,2,,,0,0,0,,1,41,,,0,,24,0,0,,0,,3,0,0,0,0,2,0,2,0,1,0,0,0,0,,2,14,0,4,0,0,0,,,3,,0,,0,0,6,,0,,,0,1,0,0,0,,0,0,0,0,,,,5,0,0,,0,,0,,0,0,0,2,0,0,1,0,1,,1,0,0,,7,0,0,31,1,1,1,,,0,1,0,,,,0,,,,0,,,0,0,,,0,,95,0,0,0,,,0,0,0,6,12,0,,,0,,0,,0,0,0,,,,0,1,,1,85,0,,,2,0,,0,0,0,,719
"Egypt, Arab Rep.",0,0,1,,,0,0,0,0,,1,2,0,,,1,,0,6,0,0,,0,0,0,0,0,,0,0,0,,0,0,1,,,,,0,7,0,3,0,,0,0,0,,,0,0,2,1,,,0,,1,,,0,0,,0,1,26,,,0,0,11,0,1,,,,0,0,0,,,0,0,1,0,8,9,0,3,0,,0,7,,1,33,0,0,,,1,,0,0,0,0,45,0,0,,,0,0,,0,0,0,3,0,0,0,,,0,0,,0,,0,,4,0,0,0,0,1,,0,0,0,19,,1,1,2,,0,0,0,0,7,1,0,,15,0,2,0,0,,0,14,1,0,0,0,,,0,0,,,0,,3,0,0,,,,1,,0,3,2,45,1,0,6,,0,,,4,0,,,,0,0,,1,9,0,,,0,0,,49,15,0,,387
El Salvador,,,0,,,0,,0,0,,0,0,,,,0,0,,1,0,,,,0,,,0,,0,,,0,,,0,,,,,0,1,1,,,,3,,,,,,0,0,,0,0,0,0,,,,,,,,,3,,,,,1,0,0,,,,35,,,,0,38,0,0,0,0,0,0,0,0,,0,1,0,0,0,,,,,0,,0,,,0,0,,,,,,,,,,,0,,,,,,,3,,,,,,0,0,0,,,0,,0,10,,,,0,,0,,2,,0,0,0,0,0,,,0,0,,,,,0,,,,,,,,,,,0,,5,0,,,,,,,,0,0,,,,0,,,,,,0,,,,0,0,,0,12,0,,,0,0,,0,,,,119
Equatorial Guinea,,,,,,,,,,,,,,,,,,,,,,,,,,,,,,,,,,1,,,,,,,,,,,,,,,,,,,,,,,,,,,,,,,,,53,,,,,,,,,,,,,,,,,,,,,,,,,,,,,,,,,,,,,,,,,,,,,,,,,,,,,,,,,,,,,,,,,,,,,,,,,,,6,,,,,,,,,,,,,,,,,,,,1,,,,,,,,,,,,,,10,,,,,,,,,,,,,,,,,,,,,,,,,,,,,,,,,,,,,,,72
Eritrea,,,,,,0,,,,,,,,,,,,,,,,,,,,,,,,,0,,,,,,,,,,1,,0,0,,,,,,,,,,,,,,,,,,,0,,,,5,,,,,,,,,,,,,,,,,,,,0,,,,,,,,,,,,1,,,,,,,,,,,,,,,,,,,0,,,,,,,,,,,,,,,0,,,,,,,,,,,,,,,,,,,,,,,,,,0,,,,,,,,,,,,,,,0,,,,,,,,0,,,,,,,0,,,,,,,,,,,2,,,0,,,,,,,,,,0,,10
Estonia,0,0,0,,,0,0,0,2,,0,0,2,,,0,0,9,2,0,,,,0,0,,0,,0,,,,0,0,0,,,,,0,1,0,,0,,0,0,0,,0,0,0,1,,,0,0,0,0,,,,0,0,,8,2,,,,4,5,0,0,,,,0,,,0,,0,0,1,0,0,0,0,0,0,,0,1,0,0,0,0,0,0,,0,,0,2,,9,0,,,,,7,0,,0,0,,0,,,,,,0,0,,2,,0,,0,0,,0,0,0,,0,0,,0,,1,,0,,,0,,0,0,1,0,,0,0,91,0,,,,0,0,0,,,,,0,0,,,0,,1,0,0,,,,0,0,,5,0,0,2,0,0,,,0,0,0,0,,,,0,29,,0,1,0,,,0,0,,0,0,0,,192
Ethiopia,,,,,,,,,,,,,,,,,,,,,,,,,,,,,,,0,,,,,,,,,,,,,0,,,,,,,,,,6,,,,,,,,,,,,,,,,,,,,,,,,,,,,,,,,,,,,,,,,,,,,,,,,,,,,,,,,,,,,,,,,,,,,,,,,,,,,,,,,,,,,,,,,,,,,,,,,,,,,,,,,,0,,,,,,,,,,,,,,,,,,,,,,,4,,,,,,,,,,,,,,,,,,0,,,,,,,,,,,,0,,,11
Faeroe Islands,0,,0,,,,,0,,,0,0,,,,,,,0,,,,,0,,,0,,0,,,0,,0,0,,,,,0,0,0,,,,,0,0,,,,0,,,,,,,,,,0,0,,,0,0,,,,,0,0,0,,,,,,,,,,,0,4,0,0,0,,0,,0,0,,0,0,,0,,,0,,,,,,,,0,,,0,0,,0,0,,0,,,0,,,0,0,,,,,,0,,,,,0,,0,,,0,,1,,,,,,0,0,1,1,0,,,0,0,,,,,,,0,,,,,0,,,,0,,0,0,,,,0,0,,,1,0,0,,0,1,,0,,0,0,0,,,,,0,,0,0,,,,0,,,,,,,14
Fiji,,,,,,,,,,,10,,,,,3,,,,,,,,,,,,,,,,,,,,,,,,,,,,,,,,,,,,,,,,,,,,,,,,,,,,,,,,,,,,,,,,,,,,,,,8,,,,,,,,,,,,,,,,,,,,,,,,,,,,,,,,,,,,,,,,,,,,,,,,,,,,1,,,,,,,4,,,,,,,,,,,,,,,,,,,,,,,,,,,,,,,,,,,,,,,,,,,,,,,,,,,,,,,,,0,,,,,,,,,,,,27
Finland,1,0,1,,,0,0,0,0,0,5,3,0,,,4,0,0,12,0,0,0,0,0,1,0,2,,2,0,0,0,0,1,1,,,,,0,57,2,0,0,,0,0,0,,,0,3,5,0,0,0,0,5,0,,,86,2,,0,,29,,,2,0,26,0,1,,0,,0,0,0,0,0,0,,16,1,24,1,4,1,1,,2,6,0,5,1,0,4,,,1,,0,0,0,3,6,,0,,,3,3,,0,0,0,0,0,0,0,,,0,1,,0,,0,0,5,0,0,0,4,2,,0,0,0,38,,7,0,5,,0,0,0,1,11,7,1,,0,2,47,0,0,,,0,1,0,0,0,,,1,0,0,,1,,18,3,0,0,,0,,0,0,404,5,0,0,0,48,,0,0,0,2,2,,,0,1,2,,2,11,0,,0,0,25,,0,0,0,,"1,000"
France,1,6,"1,654",,,0,0,7,52,0,31,71,6,,,10,0,3,"3,248",0,17,9,0,5,18,0,77,,21,1,1,25,21,62,22,,,,,0,584,46,97,4,,3,54,18,,,1,45,35,19,3,16,9,166,3,,,2,7,0,0,13,,,,5,22,903,1,10,,,,16,14,2,3,117,3,0,83,2,234,10,19,1,10,,22,991,2,74,6,0,6,0,,51,37,0,2,2,6,508,0,2,,,10,387,0,3,377,0,2,0,141,3,,,72,21,0,15,,5,2,"2,138",1,0,0,4,68,,1,1,8,111,,15,0,53,,3,0,1,21,63,208,"1,375",,3,58,33,8,0,,0,2,463,213,1,1,,0,15,11,0,,6,,"2,815",150,0,3,,0,0,1,0,114,400,7,2,0,98,0,36,0,0,"1,359",94,,,0,2,22,,0,118,1,,2,1,563,,1,1,0,,"21,370"
French Polynesia,,,1,,,,,,,,0,,,,,,,,,,,,,,,,,,,,,,,,0,,,,,,5,,,,,,,,,,,,,,,,,,,,,,,,0,,301,,,,,2,,,,,,,,,,,,,,,0,0,,,,,,0,,0,,,,,,,,,,,,,,,,,,,,,,,,,,,,,,,,,,,,,,,,,,238,0,,,,,,,,,,,,,,,,,,,,,,,,,,,,,,,,,,,,,1,,,,,,,,,,1,,,,,,,,,,,,,,,,,0,1,,,1,,,,,,,,551
Gabon,,,0,,,0,,,,,,,,,,,,,10,,30,,,,,,,,,1,0,,,30,0,,,,,,2,,,0,,,2,,,,,,,,,,,,,,,,,,,,191,,,,,0,1,,,,,,2,,,,,,,,,,,,,,0,,,0,,,,,,0,,,,,,23,,,,,,,,,,,,,76,,,,,,,,,,,1,,,,,,,,,,393,,,,,,,,,,,,,,,,,0,,,5,,87,,,,,,,,,,0,,,,,,,,,,,,,0,,,,,23,,,1,,,,,,,,,1,,,,,,,,,,,879
"Gambia, The",,,,,,,,,,,,,,,,,,,,,,,,,,,,,,,,,,,,,,,,,,,,,,,,,,,,,,,,,,,,,,,,,,,,,,,,,,,,,,,6,3,,,,,,,,,,,,,,,,,,,,,,,,,,,,,,,,,,,,,,,,,6,,,,,,,,,,,,,,,,,,,,,,,,,,,,,,,,,,,,,,,,,,,188,,,0,,,,,,,,,,,,,,,,,,,,,,,,,,,,,,,,,,,,,,,,,,,,,,,,203
Georgia,,,,,,,,,5,,,,6,,,,,7,,,,,,,,,,,,,,,,,,,,,,,1,,,,,,,,,,,,,,,,,,,,,1,,,,,,,,,,6,,,,,,,,,,,,,,,,,,,,,,,,,,1,,,,1,,,4,,2,,,,,,10,,,,,,,,,,,,,,,5,,,,,,,,,,,,,,,,,,,,,,,,,5,,,,0,67,,,,,,,,,,,,,,,,,,,,,,,,,,,,,0,10,,,,,,,,0,,,,,29,,,,,,,,,,,,,,162
Germany,22,40,21,,,,,5,43,,58,"1,112",33,,,14,,34,643,,2,,,4,211,,82,,113,0,0,,0,13,19,,,,,0,647,29,,1,,5,2,408,,,1,720,147,,,32,13,107,2,,,31,10,,,72,"2,074",,,11,57,,7,197,,,,5,2,,,1,4,,952,11,313,34,135,15,17,,67,"1,088",3,80,64,43,36,,,85,429,,248,0,46,969,,9,,,166,647,,69,3,,4,,2,4,,,,17,,70,,,46,297,,0,,10,243,,1,1,2,643,,35,,145,,2,,1,31,251,"2,328",307,,,451,685,1,,,,1,13,632,,3,,,247,174,,,15,,"1,060",213,,,,,,,,258,252,26,137,1,533,,21,,0,125,544,,,,9,347,,46,319,0,,,1,647,,,7,0,,"23,788"
Ghana,,,0,,,,,,,,0,,,,,,,,,,8,,,,,,0,,,7,,,,0,0,,,,,,1,,,0,,,16,,,,,,,,,,,0,,,,,0,,,,3,,,2,,,,,,,,,0,,,,,,,,3,,,,,,0,1,,0,,,0,,,,,,,,,11,,19,,,,,,,,,,,7,,,,,,,,,,,,,,,,0,,,,5,821,,,,0,,,,,,0,0,,,,,0,0,,,,,0,,,1,,,,,,,,,,0,,,,,0,,,,1,0,,0,,,89,,,,,,,,,,,1,2,,,,,,,,,,,"1,000"
Greece,0,494,0,,,,,0,21,0,5,3,0,,,32,,1,10,0,0,0,,0,1,,0,,68,0,0,0,,0,1,,,,,0,27,1,,0,,0,0,1,,0,7,6,2,,0,2,0,57,0,,,0,2,,0,1,18,6,,0,108,42,0,,,,,0,0,,0,0,0,0,7,,41,0,3,1,0,,1,9,0,4,1,0,2,,,1,,,0,,0,28,,0,,,1,21,,2,0,,0,0,0,0,0,,0,1,,15,,,1,2,0,0,0,0,6,,0,0,0,74,,0,,60,,0,0,0,0,24,22,0,,,37,11,0,0,,0,0,1,22,0,0,,0,1,2,,,4,,0,6,,,,0,0,0,1,30,0,3,,0,2,0,0,,0,4,2,,,,0,19,,3,3,0,,0,0,0,,0,0,0,,"1,401"
Greenland,,,,,,,,,,,,,,,,,,,,,,,,,,,,,,,,,,,0,,,,,,,,,,,,,,,,,,27,,,,,,,,,,,,,0,,,,,,,,,,,,,,,,,,,,1,,,,,,,,,,,,,,,,,,,,,,,,,,,,,,,,,,,,,,,,,,,,,,,,,,,,,,,,,,0,,,,,,,,,,,,,,,,,,,,,,,,,,,,,,,,,,,,,,,,,1,,,,,,,,,,,,,,,,,,,0,,,,,,,,,,,29
Grenada,,,,,,,0,,,,,,,,,,0,,,,,,,,,,,,,,,,,,0,,,,,,,,,,,,,,,,,,,,0,,,,,,,,,,,,,,,,,,,,,,,,,,0,,,,,,,,,,,,,,0,,,,,,,,,,,,,,,,,,,,,,,,,,,,,,,,,,,,,,,,,,,,,,,,,,,,,,,,,,,,,,,,,,,,,,,,,,,,,,,,,,,0,0,,0,,,,,,,,,,,,,1,,,,,,,,,,,,,,0,,,,,,,3
Guam,,,,,,,,,,,,,,,,,,,,,,,,,,,,,,,,,,,,,,,,,19,,,,,,,,,,,,,,,,,,,,,,,,,,,,,,,,,,,,,,,,,,,,,,,,,,,,,,,10,,,,,,9,,,,,,,,,,,,,,,,,,,,,1,,,,5,,,,,,,,,,,,,,,,,,,,,,,,,154,,,,,,,,,,,,,,,,,,,,,,,,,,,,,,,,,,,,,,,,,,,,,,,,,,,,45,,,,,2,,,,,,243
Guatemala,,,,,,,,0,,,0,,,,,,0,,,1,,,,0,,,0,,,,,,,,0,,,,,0,3,2,,,,4,,,,,,,,,,0,0,0,36,,,,0,,,,3,,,,,2,,,,,,,,,0,0,26,,,,0,0,0,0,,,0,1,0,1,,,,,,4,,0,,,,0,,,,,,,,,,,0,,,,,,,27,,,,,,,,,,,0,,,11,,,,,,0,,1,,0,1,0,,0,,,,,,,,,0,,,,,,,,,,,,,11,,,,,,,,,1,1,0,,,,,,,0,,0,,,,,,,0,18,0,,,0,0,,0,,,,157
Guinea,,,,,,,,,,,,,,,,,,,3,,1,,,,,,0,,,0,,0,,,0,,,,,,0,,,,,,2,,,,,,,,,,,,,,,,,,,,13,,,1,,2,0,,,,,,,0,,,,,,,,,0,,,,,0,,0,,,,,,0,,,,,,5,,80,,,,,,,,,0,,7,,,,,,,,,,,,,,,,,,,,0,8,,,,0,,,,,,,,0,,,,0,,,,,0,8,,,51,,,,,,,,,0,,,,,,,,,,,0,,,,,0,,,,,,,,,0,,,1,,,,,,,,,,,186
Guinea-Bissau,,,,,,,,,,,,,,,,,,,,,,,,,,,,,,,,0,,,0,,,,,,,,,,,,,,,,,,,,,,,,,,,,,,,,1,,,2,,,,,,,,,1,,,,,,,,,,,,,,,,,,,,,,,,,,,,,,,1,,,,,,,,,,,,,,,,,,,,,,,,,,,,,,,,,,,,,,,,,,,,2,,,,,,,,,,14,,,0,,,,,,,,,,,,,,,,,,,,,,,,,,,,,,,,,,,,,1,,,,,,,,,,,21
Guyana,,,,,,,0,,,,,,,,,,0,,,,,,,,,,3,,,,,,,,0,,,,,,6,,,,,,,,,,,,,,0,,,,,,,,,,,,,,,,,,,,,0,,,,,,,,,,,,,,,,,,,0,,,,,,,,,,,,,,,,,,,,,,,,,,,,,,,,,,,,,,,,,,,,,,,,,,,,,,,,,,,,,,,,,,,,,,,,,,,,,,,,,,,0,0,,0,,0,,,,,,,,,,,0,,,,,,,,,0,3,,,,0,,,,,,,14
Haiti,,,,,,,,0,,,,2,,,,,,,,,,,,,,,,,,,,,,,1,,,,,0,4,2,,,,2,,,,,,,,,,13,,,,,,,,,,,11,,,,,7,,,,,,,,,,,,,,,,,,,,,,6,,2,,,,,,,,,,,,,,,,,,,,,,,,,,,,,,1,,,,,,,,,,,,,,,,,,,,,,,,,1,,,,,,,,,,,,,,,,,,,,,,,,,23,,,,,,,,,,3,,,,,,,,,,,,,,,,,,7,0,,,1,,,,,,,87
Honduras,,,0,,,,,0,,,0,0,,,,,0,,0,0,,,,0,,,0,,,,,,,,0,,,,,0,2,1,,,,2,,,,,,,0,,,0,1,0,13,,,,,,,0,1,,,,,1,,0,,,,13,,,0,0,,,,,0,,0,,,,0,0,0,0,0,,,,,0,,,,,,0,,,,,,,,,,,,,,,,,,2,,,,,,0,,,,,0,,0,7,,,,0,,,,1,,0,0,,0,0,,,,0,,,,,,,,,,,,,,,,0,,3,,,,,0,,0,,0,0,0,,,,,,,0,0,0,,,,,,,0,11,0,,,0,,,0,,,,62
"Hong Kong SAR, China",,,,,,,,,,,43,,,,,1,,,,,,,,,,,,,,,,,,,13,,,,,,"15,636",,,,,,,,,,,,,,,,,,,,,,,,,,28,,,,,8,,,,,,,,,,,,,,,97,291,,,1,,,2,,53,,,,,,12,,,,,,,,,,,,,26,,,,14,,,,,,,,,,,,,,,,,30,2,,1,,,,,,,22,,,,,,564,,0,,,,0,,,,,,,,,,,,,,,,,,4,3,,,,,,,,,3,,,,112,,,,,,,,,,,,,6,28,,,,,53,,,,,,"17,052"
Hungary,0,0,1,,,0,,0,1,,5,49,0,,,0,0,0,37,0,0,0,,0,0,0,1,,3,,,,0,0,2,,,,,0,71,0,,0,,0,0,4,,,0,8,2,,,0,0,4,0,,,0,0,,,3,52,,,0,1,129,0,1,,0,,0,0,0,0,,0,,,1,5,0,2,0,1,,4,11,0,5,2,0,0,,,3,,0,0,0,0,4,0,0,,,1,4,,0,0,,0,,0,0,,,0,1,,1,,5,0,0,0,0,0,0,5,,0,0,0,23,,5,0,1,,0,0,0,0,1,8,1,,1,220,3,0,,,,0,0,70,,0,,,84,2,,,0,,11,0,0,,,0,0,,,19,10,1,0,0,4,,0,,0,1,1,,,,0,42,,2,17,0,,,0,14,,0,1,0,,974
Iceland,0,0,0,,,0,,0,0,0,0,1,0,,,0,0,0,2,0,0,0,,0,0,,0,,0,0,,0,0,0,0,,,,,0,3,0,,0,,0,0,0,,,0,1,16,0,0,0,0,0,0,,,0,0,4,0,1,6,,,0,0,6,0,0,,,,0,0,0,0,0,0,,1,,2,0,0,0,0,,0,1,0,0,0,0,0,,,0,,0,0,0,2,0,,0,,,6,4,,0,0,0,0,,0,0,,,0,0,,0,,0,0,0,0,0,0,0,1,,0,0,0,1,,4,0,0,,0,0,0,0,7,18,1,,0,0,0,0,,,,0,0,1,,0,,,1,0,0,,0,,3,1,,,,,,,,21,1,0,0,0,6,,0,0,0,0,0,,,,0,0,,0,4,0,,,0,3,,0,,0,,136
India,1,,,,,,,,,,3,,,,,"4,163",,,,,,,1,,,,,,,,,,,,1,,,,,,40,,,,,,,,,,,,,,,,,,,,,,,,0,,15,,,,,8,,,,,,,,,,,,,,,,1,1,0,,,,,,3,,0,5,,,,,0,,,,,,,,,,,,,,,11,0,,,,,0,,,,,,,,,3,,832,,,,,,9,,,,"2,061",,,,,,,,0,,,,1,,,,,4,,,,,,,,,,,,,,488,,,,,,,,,,,,,,,,,,,0,,,,1,,,2,6,,,,,2,,,,0,,"7,663"
Indonesia,,,,,,,,,,,44,,,,,,,,,,,,,,,,,,,,,,,,2,,,,,,347,,,,,,,,,,,,,,,,,,,,,,,,,,,,,,,,,,,,,,,,,,,,,,38,,,,,,,,,60,41,,,,,67,,,,,,,,,,,,,,,,,2,,,,,,,,,,,,,,,,,,10,,,,,,,,,14,,,,,,12,,,,,,,,,,,2,,,,,,,,,,,,,,,,,,,,,,,,1,,,95,24,,,,,,,,,,,,10,23,,,,,,,,,,,791
"Iran, Islamic Rep.",262,,,,,,,,6,,,,17,,,,,,,,,,,,,,,,,,,,,,,,,,,,,,,,,,,,,,,,,,,,,,,,,,,,,,,,,,,,,,,,,,,,,,,,,,,,,9,,,,,,,,,,,,,,,,,,,,,,,,,,,,,,,,,,,,,,,,,,,,,,,,,,,,,,,,62,,,,,,,,,,,,,,,,,,,,,,,,,,,,,,,,,,,,,,,,,,,,,,,,,,1,,,,,,,,,,,,,,,,,,,356
Iraq,0,,,,,,,,,,,,,,,,,,,,,,,,,,,,,,,,,,,,,,,,,,,,,,,,,,,,,,,,,55,,,,,,,,,,,,,,,,,,,,,,,,,,,,,1,,12,,,,,,,,34,,,,,,,0,,,,12,,,,,,,,,,,,,,,,,,,,,,,,1,,,,,,,,,,,,,,1,,,,,,,,,,,,0,,,,,1,,,,,,,,,,,,,,,,,,,1,,,,,56,,,,,,,,1,3,,,,,,,,,,,,,,,8,3,,,188
Ireland,0,1,1,,,0,0,0,0,0,26,4,0,,,6,0,1,35,0,0,13,0,0,1,0,13,,3,0,0,0,0,1,4,,,,,0,72,,0,0,,0,0,2,,0,0,29,5,0,0,0,0,7,0,,,7,0,0,0,3,123,0,,0,2,48,0,1,,0,,1,0,0,0,0,0,0,64,0,85,1,1,0,,,1,21,0,4,1,0,3,0,,1,,0,0,0,46,3,0,1,,,142,5,,0,0,0,3,0,0,2,0,,4,1,0,8,,2,0,2,0,0,0,1,8,1,1,0,0,392,,2,0,22,,0,0,0,1,60,217,5,,2,18,4,0,0,,,2,0,2,0,0,,0,38,1,0,,10,,70,2,0,0,,0,0,0,0,21,4,0,0,0,10,0,0,0,0,1,0,,,,2,6,,99,58,0,,0,0,7,,0,0,0,,"1,886"
Isle of Man,,,,,,,,,,,2,,,,,,,,,,,,,,,,,,,,,,,,0,,,,,,,,,,,,,,,,,,,,,,,,,,,,,,,,,,,,,,,,,,,,,,,,,,,,,,,,2,,,,,,,,,,,,,,,,,,,,,,,,,,,,,,,,,,,,,,,,,,,,,,,,0,,,,,,,,,,,,,,,,,,,,,,,,,,,,,,,,,,,1,,,,,,,,,,,,,,,,,,,,,,,,,,,,,15,1,,,,,,,,,,,20
Israel,0,,52,,,,,22,,,16,29,21,,,,,19,129,,,,,,,,12,,21,,,,,,7,,,,,0,4,5,,,,,,,,,,,10,,,,,114,,,,,65,,,1,531,,,,28,91,,3,,,,,,,,,,,97,,90,,43,8,,,,14,,,,1,,,,,,,9,,9,67,,,,,16,,,,,,,,,,,,,5,,28,,,,369,,,,,8,,,,,,,,,,,,,,4,,113,,,,104,78,,,,,,,,,,,,,,,,15,,17,,,,,,1,,,8,17,4,14,,,,,,,80,10,,,,,194,,8,175,2,,,0,,,,71,,,"2,861"
Italy,1,404,28,,,0,0,47,3,,100,68,1,,,172,0,21,"1,049",0,2,,0,22,12,0,155,,72,2,0,7,0,8,24,,,,,0,"1,171",66,0,0,,7,14,37,,,0,44,20,0,0,128,195,554,27,,,3,26,,0,11,"1,828",,,3,26,875,8,17,,0,,10,1,0,0,1,9,,94,3,571,4,11,0,4,,11,,1,34,16,0,11,0,,10,94,0,4,0,7,75,0,6,,,22,152,,40,6,0,1,0,2,11,0,,15,13,0,382,,1,6,959,0,0,0,4,23,,1,2,1,962,,7,0,187,,5,0,2,206,565,242,15,,2,"1,005",55,1,0,,0,1,304,175,2,1,,,30,16,0,,8,,272,300,0,0,,0,0,0,0,81,872,2,1,0,51,0,6,0,0,392,7,,,0,4,305,,25,130,3,,0,9,21,,0,1,0,,"16,152"
Jamaica,,,,,,,0,,,,,,,,,,1,,,0,,,,,,,,,,,,,,,2,,,,,,,,,,,1,,,,,,,,,0,,,,0,,,,,,,,,,,,,,,,,0,,2,,,,,1,,,,6,,,,,,,,,,,,,,,,,,,,,,,,,,,,,,,,,,,,,,,,,,,,,,,,,,,,,0,,,,,,,,1,,,,,,,,,,,,,,,,,,,,,,,,,,,,,,0,0,,0,,,,,,,,,,,,,1,,,,,,,,,3,20,,,,,,,,,,,38
Japan,,,,,,,,3,,,63,4,,,,29,,,17,,,,,,,,504,,,,,,1,,12,,,,,,"4,215",,,,,,,,,,,,3,,,,,10,,,,,,,,2,119,,,,,25,0,,,,,,,,,,,,,,108,59,5,,1,,,7,,,,,,,,"1,714",,,,,,,,,,,,,,,,,8,,,,,,,4,,,,,,,,0,,,2,,3,,,59,,2,,28,,,,,127,"1,005",2,1,,,,6,,,,,,,,,,,,,,,,,,17,39,,,,,,,,18,5,,,,257,,,,,,,,,,,,,7,130,,,,,167,,,,,,"8,790"
Jordan,0,0,0,,,,,0,0,,1,1,0,,,15,,0,1,,0,,0,0,0,,0,,0,0,,,,,0,,,,,0,44,0,0,0,,0,0,0,,,0,0,0,0,0,0,,"1,285",0,,,0,0,,,0,4,,,0,0,2,0,0,,0,,0,0,0,,0,0,0,4,0,20,15,0,43,0,,3,1,0,0,,0,0,,,0,,0,0,0,0,16,,0,,,0,0,0,0,0,0,0,,0,0,,,0,0,,0,,0,0,1,0,0,0,0,0,,0,0,0,0,,0,1,6,,0,0,,0,12,0,0,,5,0,0,,,,,4,0,0,0,0,,,0,0,,,0,,2,35,,,,,0,,0,1,1,254,0,0,0,0,0,,,1,0,,,,0,0,,0,5,,,,0,0,,"1,108",4,0,,"2,901"
Kazakhstan,,,,,,,,,22,,,,73,,,,,39,,,,,,,,,,,4,,,,,,,,,,,,30,,,,,,,,,,,,,,,,,,,,,6,,,,,,,,,6,364,,2,,,,,,,,,,,,,,,,,,,,,,,,,,,,46,,,18,,6,,,,,,13,,,,,,,,,,,,,,,19,,,,,,,,,,,,,,,,,,,,,,,,,49,,,,,"1,521",,,,,,,,,,,,,,,,,,,,,,,,,,,,,,236,,,,,,,,29,,,,,323,,,,,,,,,,,,,,"2,806"
Kenya,0,0,0,,,0,0,0,0,,2,1,0,,,0,0,0,7,0,0,,0,0,0,1,0,,0,0,0,1,0,2,1,,,,,0,8,0,3,0,,0,0,0,,,0,0,7,1,0,0,0,14,0,,,0,7,,0,1,9,4,,0,0,6,0,0,,0,,0,0,0,0,0,0,,1,0,78,0,0,0,0,,0,4,0,2,0,0,,0,,1,,0,0,0,0,1,0,0,,,0,0,,0,0,0,0,0,0,2,0,,0,0,0,0,,0,0,0,0,0,0,0,1,,0,0,0,14,,1,0,2,,0,,0,0,1,0,0,,0,0,0,2,0,,0,1,0,0,1,0,,,0,0,0,,1,,1,1,0,,,0,4,0,0,4,2,0,0,6,0,0,0,0,0,2,0,,,0,51,0,,3,7,0,,0,0,0,,,3,0,,277
Kiribati,,,,,,,,,,,1,,,,,,,,,,,,,,,,,,,,,,,,,,,,,,,,,,,,,,,,,,,,,,,,,,,,,,0,,,,,,,,,,,,,,,,,,,,,,,,,,,,,,,,,,,,,,,,,,,,,,,,,,,,,,,,,,,,,,,,,,,,,,,,,,0,,,,,,,,,,,,,,,,,,,,,,,,,,,,,,,,,,,,,,,,,,,,,,,,,,,,,,,,,,,,1,,,,0,0,,,,,,,,,,,2
"Korea, Dem. Rep.",,,,,,,,,,,1,,,,,0,,,,,,,,,,,3,,,,,,,,0,,,,,,152,,,,,,,,,,,,,,,,,,,,,,,,,,,,,,,,,,,,,,,,,,,0,,,1,2,,,,,,,,1,,,,,,12,,,,,,,,,,,,,,,,,0,,,,,,,,,,,,,,,,,,,,,,,,,,,0,,,,,1,10,,,,,,0,,,,,,,,,,,,,,,,,,,0,,,,,,,,,,,,,3,,,,,,,,,,,,,0,2,,,,,2,,,,,,192
"Korea, Rep.",,,,,,,,,,,25,,,,,24,,,,,,,,,,,,,,,,,5,,16,,,,,,"4,147",,,,,,,,,,,,,,,,,,,,,,,,,,31,,,,,7,,,,,,,,,,,,,,,28,68,,,,,,,,88,,0,,,,,,,7,,,,,,,,,,,,,,,,,,,,,,,,,100,,,,0,,30,,,1,,,32,,,,27,,,,,,214,,,,,,3,,,,,,,,,,,,,,,,3,,,80,,,,,,,,,,,,,187,,,,,,,,,,,,,2,156,,,,,522,,,,,,"5,804"
Kosovo,,,,,,,,,,,,,,,,,,,,,,,,,,,,,,,,,,,,,,,,,,,,,,,,,,,,,,,,,,,,,,,,,,,,,,,,,,,,,,,,,,,,,,,,,,,,,,,,,,,,,,,,,,,,,,,,,,,,,,,,,,,,,,,,,,,,,,,,,,,,,,,,,,,,,,,,,,,,,,,,,,,,,,,,,,,,,,,,,,,,,,,,,,,,,,,,,,,,,,,,,,,,,,,,,,,,,,,
Kuwait,0,,,,,,,,,,,,,,,896,,,,,,,,,,,,,,,,,,,,,,,,,,,,,,,,,,,,,,,,,,"3,211",,,,,4,,,,35,,,,,,,,,,,,,,,,,,,,"4,740",205,44,,,,,,,,198,,,,,,,,,,,78,,,,,,,,,,,,,,,,,,,,,,,,7,,,,232,1,,,,,45,,,,882,,,,,,856,,,,6,,,,,,,2,,,,,,,,,,,,,,127,,,,,19,,,,,79,,,17,,,,,6,5,,,,,,,3,9,,,,,,,12,172,,,"11,893"
Kyrgyz Republic,,,,,,,,,6,,,,7,,,,,8,,,,,,,,,,,,,,,,,,,,,,,2,,,,,,,,,,,,,,,,,,,,,2,,,,0,,,,,8,8,,,,,,,,,,,,,,,,,,,,,,,,,,1,,,,1,,,,,2,,,,,,12,,,,,,,,,,,,,,,5,,,,,,,,,,,,,,,,,,,,,,,,,6,,,,0,80,,,,,,,,,,,,,,,,,,,,,,,,,,,,,,10,,,,,,,,0,,,,,35,,,,,,,,0,,,,,,194
Lao PDR,,,,,,,,,,,0,,,,,,,,,,,,,,,,,,,,,,0,,,,,,,,17,,,,,,,,,,,,,,,,,,,,,,,,,,,,,,,,,,,,,,,,,,,,,,,,,,,,,,,,,,,,,,,,,,,,,,,,,,,,,,,,,,,,,,,,,,,,,0,,,,,,,,,,,,,,,,,,,,,,,,,,,,,,,,,,,,,,,,,,,,,,,,,,,,,,,,8,,,,,,,,,,,,,,,,,,,34,,,,,,59
Latvia,0,,0,,,,,0,2,,1,1,4,,,,,45,2,,,,,,,,0,,0,,,,,,0,,,,,,1,,,,,,,,,,0,1,1,,,,,0,,,,8,,,,1,2,,,,4,10,,0,,,,,,,,,,,2,0,1,,0,,1,,0,1,,0,,0,,,,0,,,3,,,0,,,,,82,0,,,,,,,,0,,,,0,,5,,0,,0,,,,0,0,,,,,0,,1,,0,,,,,,,2,0,,,0,109,,,,,,,0,,,,,0,0,,,,,1,0,,,,,,,,3,0,0,4,,0,,,,,,0,,,,,55,,0,1,,,,0,,,,,,,357
Lebanon,,,,,,,,,,,,,,,,6,,,,,,,,,,,,,,,,,,,,,,,,,17,,,,,,,,,,,,,,,,,500,,,,,,,,,2,,,,,1,,,,,,,,,,,,,1,,8,6,,16,,,1,,,,2,,,,,,,0,,,,,,,,,,,,,,,,,,,,,,,,,,,,0,,,,,,,,,,,,,0,2,,,,,,5,,,,,,0,,,,,2,,,,,,,,,,,,,,14,,,,,0,,,,,282,,,,,,,,,0,,,,,0,,0,2,,,,,,,310,1,,,"1,181"
Lesotho,,,,,,0,,,,,,,,,,,,,,,,,,,,0,,,,,,,,,,,,,,,0,,,,,,,,,,,,,,,,,,,,,,,,,,,,,,,,0,,,,,,,,,,,,,,0,,,,,,,,,,,,,,,,,,,,,,,,,,,,,,,0,,,,,,,,,,,,,,,0,,0,,,,,,,,,,,0,,,,,,,,,,,,,,,,,,,,,,,,,,,,1,,,,,,,,,,0,,,,,0,,,,,,,,,,,0,,,,0,,,,,,,,,0,,2
Liberia,,,,,,,,,,,,,,,,,,,,,0,,,,,,,,,0,,,,,0,,,,,,,,,,,,49,,,,,,,,,,,,,,,,,,,,0,,,1,,0,1,,,,,,6,0,,,,,,,3,,,,,,,0,,,,,,,,,,,,,,9,,,,,,,,,,,,,1,,,,,,,,,,,,,,,,0,,,,0,74,,,,,,,,,,,,,,,,,,,,,,1,,,3,,,,,,,,,0,,,,,,,,,1,0,,,,,,0,,,,,,,,,,,0,1,,,,,,,,,,,149
Libya,0,0,4,,,,,,1,,3,4,,,,2,,1,14,,,,,,0,,0,,,,,,,,2,,,,,,18,,9,0,,,0,,,,,,4,3,,,,104,2,,,,1,,,3,61,,,,,26,0,2,,,,,,0,,,,,2,,21,24,0,8,,,,17,,4,85,0,1,,,2,,0,,,,110,,,,,,,,,,,7,,1,,,,,,,,,,,10,,,,,3,,,,0,51,,1,3,6,,,,,,17,1,,,35,1,5,,,,,32,4,,,0,,,,,,,1,,6,1,,,,,4,,,8,4,11,4,0,15,,,,,10,1,,,,,1,,2,21,,,,,,,168,43,,,"1,015"
Liechtenstein,,,,,,,,,,,,13,,,,,,,0,,,,,,0,,0,,0,,,,,,,,,,,,0,,,,,,,0,,,,0,0,,,,,,,,,0,,,,0,1,,,,,6,,0,,,,,,,,,,,0,0,,,,,0,,,3,,,,,,,,,,,,,,,,,,,,0,,0,,,,,,,,,,,,,,,0,,,,,,0,,,,,,,0,,,,,,,,,0,2,,,,,,,,,,,1,,,,,0,0,,,,,3,,,,,,,,,0,16,,,,,,,,,,0,,,,,,,0,,,,,,,,,,,,49
Lithuania,0,0,0,,,,,0,2,,0,0,2,,,,,47,3,,,,,,,,0,,0,,,,,,0,,,,,,2,,,,,,,,,,0,0,1,,,,,0,,,,3,,,,0,4,,,,3,8,,0,,,,,,,,,,,1,0,0,,0,,1,,0,1,,0,,0,,,,0,,,2,,23,1,,,,,,1,,0,,,,,,,,,,0,,2,,0,,,,,,,0,,,,,0,,1,,0,,,,,0,,7,0,,,0,64,,,,,,,,,,,,0,,,,,,5,,,,,,,,,2,0,0,4,,0,,,,,0,0,,,,,28,,1,3,0,,,,0,,,,,,224
Luxembourg,,0,0,,,0,,0,0,,0,5,0,,,0,0,0,397,,0,,,0,3,,0,,1,0,0,2,0,0,0,,,,,0,8,0,,0,,0,0,1,,,0,4,12,,0,0,0,0,,,,1,0,,0,4,429,,,,0,50,0,1,,,,0,0,,0,0,,,8,2,1,0,0,0,2,,0,51,0,1,0,0,0,,,0,,,0,,1,0,,0,,,2,,,0,0,,0,,0,2,,,0,0,,0,,0,16,1,0,,,0,7,,0,0,0,0,,1,,0,,0,0,0,0,1,6,193,,,2,0,0,,,,,0,19,0,0,,,2,2,,,0,,34,0,,,,,0,,,22,2,0,,,1,,0,,0,1,0,,,,0,0,,2,3,0,,,0,0,,0,,,,"1,308"
"Macao SAR, China",,,,,,,,,,,,,,,,,,,,,,,,,,,,,,,,,,,,,,,,,"2,224",,,,,,,,,,,,,,,,,,,,,,,,,,,,,,,,,,,,,,,,,,,11,,,,,,,,,,,,,,,,,,,,,,,,,,,,,,,,,,,,,,,,,,,,,,,,,,,,,,,,,,,,,,,,,,,,70,,4,,,,,,,,,,,,,,,,,,,,,,,,,,,,,,,,,,,,6,,,,,,,,,,,,,,,,,,,,,,,,,"2,315"
"Macedonia, FYR",,20,,,,,,,,,,0,,,,,,,,,,,,,9,,,,1,,,,,,,,,,,,,,,,,,,2,,,,0,,,,,,9,,,,,,,,,,,,,,0,,0,,,,,,,,,,,1,,,,,,,,,0,,,,,,,,,,,,,,,,,,,,,,,,,,,,,,,,,,,,,13,,,,,,,,,,,,,,,,,,,,,,0,,,,0,0,,,,,,,42,,,,,0,1,,,,,,,,,,,,,,,,,,,,,,,,,24,,,,,0,,,,,,,,,,,,,,123
Madagascar,,,3,,,,,,,,,,,,,0,,,2,,,,,,,,,,,,,,,,0,,,,,,15,,6,,,,,,,,,,,,,,,0,,,,,,,,,127,,,,,1,,,,,,,,,,,,,,,15,,,,,,,1,,0,,,,,,,,,,,,,,,,,,,,,,,,,,,,,0,,,,,,,,,,,,,,,,,,,,,4,,,,,,,,,,,,0,,,,,,,,0,,,,,,,,,,,,,,,,,,,,1,,,,,,,,,,,,,,,,,0,0,,,,,0,,,,,,175
Malawi,,,,,,,,,,,,,,,,,,,,,,,,,,,,,,,0,,,,,,,,,,,,,0,,,,,,,,,,,,,,,,,,,,,,,,,,,,,,,,,,,,,,,,,,,8,,,,,,,,,,,,,,,,,,,,,,,,,,,,,,,,,,,,,,,,,,,,,,8,,,,,,,,,,,,,,,,,,,,,,,,,,2,,,,,,,,,,,,,,,9,,,,,,,,,,,,,,,1,,,,,,,,,,,,,,0,,,,,,,,,,8,,37
Malaysia,,,0,,,,,,,,16,1,,,,223,,,,,,,,,,0,0,,,,,,5,,0,,,,,,328,,,,,,,,,,,0,2,,,,,2,,,,,,,,,39,,,,0,5,0,,,,,5,0,,,,,0,,4,263,"2,001",8,1,1,,,1,,22,5,,2,,,12,,,,,,,1,,,,,,,,,,,0,,,,,0,,,,,,,1,,6,,155,1,,4,,,25,,1,,49,,,,,0,"1,654",,1,,,,1,,,,,0,,,,,,,,,,,3,,0,13,,,,,0,,,,0,0,,0,485,,,,0,,0,,,,6,,,3,33,,,,,109,,2,2,,,"5,504"
Maldives,,,,,,,,,,,0,0,,,,70,,,,,,,,,,,,,,,,,,,0,,,,,,,,,,,,,,,,,,,,,,,0,,,,,,,,,1,,,,,1,,,,,,,,,,,,,,,74,,,,,,,1,,0,,,,,,,,,,,,0,,,,,,,,,,,0,,,,,,,,,,,,,,,,,,,,0,,,,,,,0,,,,,,5,,,,,,,,,,,,,,,,,,,,,,,,,26,,,,,,,,0,0,,,,1,,,,,,,,,,,,,0,0,,,,,,,,,,,181
Mali,,,1,,,0,,,,,,,,,,,,,,,0,,,,,,,,,1,,,,0,,,,,,,0,,,,,,26,,,,,,,,,,,,,,,,,,,,34,,,1,,,0,,,,,,3,,,,,,,,,,,,,,,,,,,,,,,,,,,,,,,0,,,,,,,,,,,,,,,,,,,,,,,,,,,,,,,3,25,,,,,,,,,,,,,,,,0,,,,,,23,,,0,,,,,,,,,,,,,,,,,,,,,,,,,0,,,,,,,,,,,,1,,,,,,,,,,,119
Malta,0,0,0,,,0,0,0,0,,26,1,0,,,0,0,0,3,0,,,,0,0,0,0,,1,0,,0,,0,2,,,,,0,2,0,,0,,0,0,0,,,0,0,0,,,,0,3,,,,0,0,,,0,4,,,0,0,4,0,0,,,,0,0,,0,0,0,,0,0,1,0,0,0,0,,0,4,0,0,0,0,0,,,0,,0,0,0,0,1,0,0,,,0,0,,0,,0,0,,,,,,0,0,,0,,0,,0,,0,0,0,1,,0,,0,2,,0,0,0,,,,0,0,1,0,0,,,0,1,0,0,,,0,0,2,0,0,,,0,0,,,0,,1,0,,,,,0,0,0,2,0,0,,0,1,,,,0,1,0,,,,0,0,,4,3,,,,0,0,,0,0,0,,76
Marshall Islands,,,,,,,,,,,0,,,,,,,,,,,,,,,,,,,,,,,,,,,,,,2,,,,,,,,,,,,,,,,,,,,,,,,0,,,,,,,,,,,,,,,,,,,,,,,,,,,,,,,0,,,,0,,0,,,,,,,,,,,,,,,,,,,,,,,,,0,,,,,,,,,,,,0,,,,,,,,,,,,,2,,,,,,,,,,,,,,,,,,,,0,,,,,,,,,,,,,,,,,,,,,,,,,,,0,,,,,1,,,,,,,,,,,5
Mauritania,0,,3,,,,,0,,,,,,,,0,,,3,,0,,,,,,0,,,,,,,0,0,,,,,0,2,,,0,,,0,,,,,,,,,,,2,,,,,,,,,38,,,,,0,0,,,,,,1,1,,0,,,,,,,,0,,,,0,,,,,,,,0,,0,,,,3,,,,,,,,,,,,,25,,,,,,,,,,,1,,,,,0,,,,0,,,,,,,,,,0,,,,,1,0,0,,,,,1,90,,,,,,,,,,,,2,,,,,,0,,,,0,0,,,,,0,,,2,,,,,,,,,1,,,,,,,0,0,,,177
Mauritius,,,,,,,,,,,1,,,,,,,,,,,,,,,,,,,,,,,,0,,,,,,134,,,,,,,,,,,,,,,,,,,,,,,,,,36,,,,,1,,,,,,,,,,,,0,,,39,,,,,,,1,,0,,,,,,,,,,,,,,,,,,,,,4,,0,,,,,,,,,,,,,,,,,,,,,,,,,,,,,,,,,,,,,,,,,,,,,,,0,,,,,,,,1,,,,,,,,,,,,,,,,,,,,,,,,,,,,,0,0,,,,,,,,,,,218
Mexico,0,0,0,,,0,0,8,0,0,2,3,0,,,0,0,0,21,3,,1,,3,0,,6,,0,0,,0,0,0,8,,,,,0,48,25,,0,,12,0,0,,0,0,2,1,0,0,5,5,1,21,,,0,0,,0,1,103,1,,,0,27,0,0,,0,,180,0,0,0,1,47,,3,0,4,0,0,0,0,,3,15,0,12,0,0,0,,,11,,0,0,0,0,11,,0,,,0,0,0,0,0,0,0,,0,0,,,0,,,0,,0,0,1,0,,0,0,2,,0,6,,3,,1,0,0,,10,,0,11,2,2,1,,,0,1,0,,,,0,0,0,,,,0,0,0,,,0,,190,0,0,0,,0,0,0,0,5,7,0,,0,1,,0,,0,0,0,,,,0,0,,1,"1,843",1,,,2,0,,0,0,0,,"2,692"
"Micronesia, Fed. Sts.",,,,,,,,,,,0,,,,,,,,,,,,,,,,,,,,,,,,,,,,,,2,,,,,,,,,,,,,,,,,,,,,,,,,,,,,,,,,,,,,,,,,,,,,,,,,,,,,,,0,,,,,,,,,,,,,,,,,,,,,,,,,,,0,,,,,,,,,,,,,,,,0,,,,,,,,,,,,,2,,,,,,,,,,,,,,,,,,,,,,,,,,,,,,,,,,,,,,,,,,,,,,,,,,,,1,,,,,,,,,,,6
Moldova,0,,,,,,,,7,,,,9,,,,,26,,,,,,,,,,,0,,,,,,,,,,,,2,,,,,,,,,,,,,,,,,,,,,3,,,,2,,,,,11,11,,,,,,,,,,,,,1,,,,,,,,,,,,,1,,,,,,,6,,11,,,,,,23,,,,,,,,,,,,,,,,,0,,,,,,,,,,,,,,,,,,,,,,,15,,,,1,143,,,,,,,,,,,,,,,,,,,,,,,,,,,,,,12,,,,,,,,0,,,,,61,,0,1,,,,,1,,,,,,345
Monaco,,,0,,,,,0,0,,1,1,,,,,,,20,,,,,,,,0,,0,,,,,0,0,,,,,0,0,,,,,,0,,,,,,1,,,,,,,,,,0,,,0,109,,,,,4,,0,,,,,0,,,0,,,0,,0,,0,,0,,0,21,,0,,,,,,,,,,,,3,,,,,,1,,,,,,,0,,,,,0,,,,,,1,,,,,1,,0,,,,,0,,,,,,,0,,0,2,,,0,0,,,,,,0,,,,,,0,0,,,0,,3,,,,,,,,,4,4,0,,,,,0,,,0,0,,,,,,,1,1,,,,0,0,,,,,,180
Mongolia,,,,,,,,,,,1,0,,,,,,,,,,,,,,,,,0,,,,,,0,,,,,,50,,,,,,,,,,,0,,,,,,,,,,,,,,0,1,,,,,1,,,,,,,,,,,,,0,,0,,,,0,,,0,,1,,0,,,,4,,,,0,,,,,,,,,,0,,,,,,,,,,,,,,,,,,,,,,,,,,,,,,0,,,,,,1,0,,,,,2,,,,,,,,,,,,0,,,,,,,,,,,,,,,,0,,,,,,,,,,0,,,,,,,0,2,0,,,,1,,,,,,63
Montenegro,,16,,,,,,,,,,,,,,,,,,,,,,,11,,,,,,,,,,,,,,,,,,,,,,,7,,,,,,,,,,1,,,,,,,,,,,,,,0,,0,,,,,,,,,,,2,,,,,,,,,0,,,,,,,,,,,,,,,,,,,,,,1,,,,,,,,,,,,,,,,,,,,,,,,,,,,,,,,,,,,,,,,,,0,,,,,,,30,,,,,,1,,,,,,,,,,,,,,,,,,,,,,,,,,,,,,,,,,,,,,,,,,,,68
Morocco,,,17,,,,,,,,,,,,,,,,,,,,,,,,,,,,,,,,,,,,,,,,,,,,,,,,,,,,,,,,,,,,,,,,62,,,,,,,,,,,,,,,,,,,,,1,,0,,,,5,,,4,,,,,,,,,,,7,,,,,,,,,,,,,,,,,,,,,,,,,,,,,,,,,,,,,,,,,,,,,,,,,,,,,,,1,,,,,,,,,,,,,,,,,,,0,,,,,1,,,,,,,,,,,,,,,,,,,,,,,,,2,,,100
Mozambique,,,,,,,,,,,,,,,,,,,,,,,,,,,,,,,,5,,,,,,,,,,,,0,,,,,,,,,,,,,,,,,,,,,,,,,,,,,,,,,,,,,,,,,,,8,,,,,,,,,,,,,,,,,,,,,,9,,,,,,,,,5,,,,,,,,,,,,,,,,,,,,,,,,,,,,2,,,,,,,,9,,,,,,,,,,,,,,,,,,,,10,,,,,,,,,,,,,,,1,,,,,,,,,,,,,,,,,,,,,,,,1,,50
Myanmar,,,,,,,,,,,,,,,,2,,,,,,,,,,,,,,,,,,,,,,,,,262,,,,,,,,,,,,,,,,,,,,,,,,,,,,,,,,,,,,,,,,,,,,,,125,,,,,,,,,,,,,,,,,,,,,,,,,,,,,,,,,,,,,,,,,,,,,,,,,,,,,,,,,,,7,,,,,,,,,,,,,,,,,,,,,,,,,,,,,,,,,,,,,,,,,,,,,,,,,,,,,,,,,,,,,,,,,,,,,395
Namibia,,,,,,0,,,,,,,,,,,,,,,,,,,,0,,,,,,,,,,,,,,,,,,,,,,,,,,,,,,,,,,,,,,,,,,,,,,,,,,,,,,,,,,,,,,,,,,,,,,,,,,,,,,,,,,,,,,,,,,,,,,,,,,,,,,,,,,,,,,,,,,,,,,,,,,,,,,,,,,,,,,,,,,,,,,,,,,,,8,,,,,,,,,,,,,,,,,,,,,,,,,,,,,,,,,,,,,,,2,,10
Nepal,,,,,,,,,,,,,,,,1,,,,,,,12,,,,,,,,,,,,,,,,,,134,,,,,,,,,,,,,,,,,,,,,,,,,,,,,,,,,,,,,,,,,,,,,,"2,726",,,,,,,,,,,,,,,,,,,,,,,,,,,,,,,,,,,,,,,,,,,,,,,,,,,,,,,,,,,25,,,,,,,,,,,,,,,,,,,,,,,,,,,,,,,2,,,,,,,,,,,,,,,,,,,,,,,,,,,,,,,,,,,,,,"2,899"
Netherlands,6,1,5,,,0,0,2,2,2,49,38,1,,,3,0,0,"1,125",0,0,3,0,1,8,0,21,,23,0,1,14,0,2,8,,,,,0,412,25,0,0,,3,1,0,,30,0,31,18,0,0,29,4,70,1,,,2,9,0,0,10,299,3,,2,1,480,3,10,,0,,4,1,0,2,2,2,,86,3,102,291,24,5,5,,13,59,2,22,4,0,10,0,,17,,0,0,0,6,38,0,6,,,15,32,,0,1,0,3,0,0,2,0,,1,6,,0,,2,0,413,0,0,0,5,,1,2,1,0,149,,10,1,33,,2,0,0,7,53,156,34,,2,14,28,2,0,,0,2,4,154,0,3,,18,13,0,0,,18,,198,41,0,0,,0,1,7,0,50,29,3,0,1,76,,2,0,0,16,74,,,,6,1,,18,57,0,,0,1,58,,,1,0,,"5,297"
New Caledonia,,,1,,,,,,,,2,,,,,,,,,,,,,,,,,,,,,,0,,,,,,,,1,,,,,,,,,,,,,,,,,,,,,,,,,,474,66,,,,,,,,,,,,,,,,,,,,3,,,,,,1,,,,,,,,,,,,0,,,,,,,,,,,,,,,,,,,,,,,,,,2,,,,,,,0,,,,,,,,,,,,,,,,,,,,,,,,,,,,,,,,,,,,,1,,,,,,,,,,,,,,,,,,,3,,,,,,,,,,,,15,,4,,,,,,572
New Zealand,0,,,,,,,1,,,293,7,,,,3,,,,,,,,,,,5,,,,,,2,,8,,,,,0,613,2,,,,,,3,,,,6,7,,,,,7,,,,,1,,52,,47,,,,,49,,,,,,,,,,,,3,10,,312,10,2,1,9,,,5,,37,,,5,4,,64,,,,,,,,,,,,,,,,,14,,,,,,,,,,,,,,,0,,4,31,,,,,,,,,7,,,0,,,159,4,,,,2,4,,63,,,2,,3,,,,,,,,,69,,,35,,,,,,,,15,13,,,,42,,,43,,,,,,2,,2,,90,47,,,,,26,,,,0,,"2,245"
Nicaragua,0,0,0,,,0,0,0,,,0,0,0,,,0,0,,1,0,,,,0,,0,0,,0,,,,,0,0,,,,,0,1,1,,0,,45,,0,,,0,,0,,0,0,0,0,5,,,,0,,0,0,2,,,,0,1,,0,,0,,7,0,,0,0,38,,0,,0,0,0,0,0,,0,1,0,0,0,0,0,,,0,,0,,,,0,,0,,,,0,,,0,,,0,0,,,,,1,,0,,,,,0,,,0,0,,0,,,0,,0,,0,,2,,0,0,0,0,0,,,,0,,,,,0,0,,0,,,,0,,,,0,,4,,0,,,0,,0,,0,0,0,,0,0,,,,0,0,0,,,,,0,,0,8,0,,,0,0,,,0,,,121
Niger,,,0,,,,,,,,,,,,,,,,,,6,,,,,,,,,1,,,,0,,,,,,,,,,,,,0,,,,,,,,,,,,,,,,,,,,,,,,,,0,,,,,,,,,,,,,,,,,,,,,,,,,,,,,,,,,,,,,,,,,,,,,,,,35,,,,,,,,,,,,,,,,,,,,,289,,,,,,,,,,,,,,,,,,,,,,2,,,,,,,,,,,,,,,,,,0,,,,,,,,,,5,,,,,,,,,,,,,,,,,,,,,,,340
Nigeria,,,,,,,,,,,10,,,,,,,,,,97,,,,,,,,,1,,3,,23,,,,,,,,,,,,,2,,,,,,,,,,,84,,,,,,,,,,,,9,,,23,,,,,,1,2,,,,,,,,,,,,,,,,,,,,,,,,,,,,,,19,,,,,,,,,,,127,,,,,,,,,,,,,,,,,,,,50,,,,,,,,,,,,,,,,,,,,,,,10,,,1,,,,,,,,,,,,,,,,,,,,,,,,,76,,,,,,,,,,,,,,,,,,,,,,,538
Northern Mariana Islands,,,,,,,,,,,,,,,,1,,,,,,,,,,,,,,,,,,,,,,,,,17,,,,,,,,,,,,,,,,,,,,,,,,,,,,,,,,,,,,,,,,,,,,,,,,,,,,,,,2,,,,,,4,,,,,,,,,,,,,,,,,,,,,0,,,,1,,,,,,,,,0,,,,,,,,,,,,,,,,49,,,,,,,,,,,,,,,,,,,,,,,,,,,,,,,,,,,,,,,,,,,,,,,,,,,,3,,,,,,,,,,,77
Norway,3,1,2,,,0,0,1,1,0,10,9,1,,,3,0,1,36,0,0,1,0,1,18,0,7,,7,0,1,1,0,1,3,,,,,0,77,11,0,0,,1,0,6,,,0,10,131,0,0,3,2,6,1,,,13,9,11,0,25,79,1,,5,1,110,0,2,,0,,3,0,0,0,0,1,0,30,47,64,3,14,3,1,,2,10,0,5,2,0,8,0,,19,22,0,1,0,23,21,0,4,,,146,4,0,2,2,0,1,0,0,1,0,,0,2,,2,,1,1,13,0,0,0,5,14,1,0,0,0,39,,,0,61,,0,0,0,3,100,157,6,,1,11,12,1,0,,0,1,1,11,0,0,,,14,1,0,,2,,51,39,0,0,,0,1,0,0,566,9,2,1,0,106,0,0,0,0,4,4,,,0,6,6,,7,38,0,,,0,72,,,1,0,,"2,425"
Oman,,,,,,,,,,,,,,,,371,,,,,,,,,,,,,,,,,,,,,,,,,,,,,,,,,,,,,,,,,,240,,,,,,,,,20,,,,,,,,,,,,,,,,,,,,"3,471",76,,1,,,,,,,50,,,,,,,0,,,,,,,,,,,,,,,,,,,,,,,,,,,,,,,,,1,,,,,,,,,348,,,,,,104,,,,6,,,,,,,1,,,,,,,,,,,,,,57,,,,,3,,,,,,,,,,,,,,,,,,,,,2,,,,,,,,,,,,"4,752"
Pakistan,195,,0,,,,,,,,,,,,,236,,,,,,,,,,,,,,,,,,,,,,,,,,,,,,,,,,,,,,,,,,,,,,,,,,,,,,,,,,,,,,,,,,,,,,,"4,697",,0,0,,,,,,,,,,,,,,,,,,,,,,,,,,,,,,,,,,,,,,,,,,,,5,,,,,,,,,,,,,,,,,,,,,,,,,,,,,,,,,,,,,,,,,,,,,,,,,,,,,,,,,,,,,,,,,,,,,,,,,,,,,,,,,"5,133"
Palau,,,,,,,,,,,,,,,,,,,,,,,,,,,,,,,,,,,,,,,,,3,,,,,,,,,,,,,,,,,,,,,,,,,,,,,,,,,,,,,,,,,,,,,,,,,,,,,,,1,,,,,,0,,,,,,,,,,,,,,,,,,,,,0,,,,0,,,,,,,,,,,,,,,,,,,,,,,,,11,,,,,,,,,,,,,,,,,,,,,,,,,,,,,,,,,,,,,,,,,,,,,,,,,,,,1,,,,,,,,,,,16
Panama,0,0,0,,,0,0,1,0,0,1,1,,,,0,0,0,5,0,,1,0,1,0,,2,,0,0,0,0,0,0,1,,,,,0,94,75,0,0,,28,0,0,,0,0,0,1,,0,21,4,0,6,,,0,0,0,0,0,10,,,0,0,3,0,0,,0,,6,0,0,0,1,5,0,0,0,16,0,0,0,0,,2,3,1,1,0,0,0,,,1,,0,,0,0,4,,0,,,0,0,0,0,0,0,0,0,,0,,,0,7,,0,,0,0,0,0,0,0,0,1,0,0,18,,1,,0,0,0,,,0,0,6,5,0,0,,0,0,1,,0,,,0,0,0,,0,,0,0,0,0,,0,,28,0,,0,,0,0,0,,2,1,0,,0,1,,0,0,0,0,0,,,,0,1,,1,26,0,,,1,0,,0,0,0,,401
Papua New Guinea,,,,,,,,,,,20,,,,,,,,,,,,,,,,,,,,,,,,0,,,,,,,,,,,,,,,,,,,,,,,,,,,,,,0,,,,,,,,,,,,,,,,,,,,,,1,20,,,1,,,,,,,,,,,1,,,,,,,,,,,,,,,,,0,,,,,,,,,,,,,,,,,,,,1,,,,,,,,,,,,,4,,,,,,,,,,,,,,,,,,,,1,,,,,1,,,,,,,,,,,,,,,,,,,,,,,,,,0,3,,,,,,,,,,,54
Paraguay,,,,,,,,39,,,0,1,,,,,0,,3,,,,,1,,,100,,,,,,,,1,,,,,0,4,0,,,,0,,,,,,0,0,,,0,0,,0,,,,,,,,5,,,,,7,,0,,,,0,,,0,0,0,,,,0,,0,0,,,0,1,0,8,0,,,,,6,,,,,,6,,,,,,,,,,,,,,,,,,3,,,,,,,,,,,0,,0,0,,,,0,,0,,0,,,3,0,1,0,,,,0,,,,,0,,,,,,,,,,,0,,9,,,,,,,0,,0,1,0,,,,,,,0,,0,,,,,0,,0,4,1,,,0,,,,,,,209
Peru,0,0,0,,,0,0,7,0,,3,1,0,,,0,0,0,15,0,,,0,8,0,0,7,,0,0,0,0,0,0,1,,,,,0,26,10,0,0,,2,0,0,,,0,0,1,0,0,1,8,0,0,,,0,0,,0,0,33,,,0,0,13,0,0,,0,,1,0,0,0,0,1,,1,0,1,0,0,0,0,,1,10,0,14,0,0,0,0,,2,,0,,0,0,1,,0,,,0,1,,0,0,0,0,0,0,0,0,,,3,0,0,,0,,0,0,0,0,0,1,,0,0,0,0,,0,0,0,,2,0,0,,1,0,0,,0,0,0,1,0,,0,0,0,,0,0,,,0,0,,,0,,52,0,0,0,,0,,0,0,4,4,0,0,0,0,,0,0,0,0,0,,,,0,0,,1,25,0,,,1,0,,,0,0,,269
Philippines,0,0,0,,,0,0,0,0,0,19,3,,,,0,,,11,,,,,0,,,0,,0,,,0,0,,5,,,,,0,199,0,,0,,0,,,,,,0,2,,,0,1,1,0,,,,,,0,0,15,,,,,14,0,0,,,,0,,,,,0,0,2,0,38,5,0,0,0,,1,4,,50,1,,0,,,17,,0,,,,1,,0,,,,,,,,,1,,,,0,,,0,,,,,,0,,0,,0,1,,0,,,3,,2,1,1,,0,0,0,0,,0,0,,3,0,0,,,,,1,,,,,,,,,,,1,,11,1,,,,,0,0,,7,4,0,,,2,0,,,,2,0,,,,,,,2,78,0,,,0,1,,,,0,,517
Poland,0,0,1,,,0,0,0,6,,5,23,0,,,0,0,63,119,0,0,,,0,4,,0,,2,0,0,,0,0,3,,,,,0,8,0,0,0,,0,0,1,,0,0,22,5,,,0,0,2,0,,,1,0,,0,1,349,1,,0,1,310,0,3,,0,,0,0,,0,,0,,11,3,4,0,0,0,8,,1,27,0,2,1,0,0,,,0,,0,0,0,4,4,,,,,211,7,,0,0,,0,,0,0,,,0,0,,1,,1,0,1,0,0,0,0,4,,0,0,0,7,,6,0,1,,0,,0,0,1,,0,,1,3,26,0,,,,0,0,3,0,0,,,5,1,,,0,,45,0,,,,,0,,,16,5,0,0,0,1,,0,,0,1,0,,,,0,295,,13,32,0,,,0,12,,,0,0,,"1,699"
Portugal,0,0,0,,,0,,1,0,,6,3,0,,,3,0,1,75,0,0,,0,0,0,0,182,,6,0,0,64,0,0,7,,,,,0,66,1,0,0,,0,0,0,,0,0,1,2,,0,0,1,2,0,,,0,0,,,1,"1,170",,,0,3,105,0,0,,0,,0,2,21,0,0,0,0,3,0,36,0,0,0,2,,1,7,0,1,0,0,0,,,0,,0,,0,0,1,0,0,,,1,121,1,0,0,0,0,,0,0,,,0,0,,48,,0,0,4,34,0,0,1,6,0,0,0,,5,,1,0,5,,0,0,0,1,2,2,,,0,23,4,0,0,,16,0,7,0,0,0,,0,0,0,,,14,,143,0,,,,,0,0,0,9,70,0,0,0,1,3,0,,0,0,0,,,,0,65,,7,16,0,,,4,0,,,0,0,,"2,397"
Puerto Rico,0,,,,,,,1,,,0,0,,,,0,0,,,,,,,0,,,0,,,,,,,,0,,,,,0,7,6,,,,4,,,,,,0,,,0,205,2,0,1,,,,,,,,2,,,,,3,,0,,,,2,,,0,0,3,,0,,0,0,0,,0,,0,1,0,0,1,,,,,0,,,,,,0,,,,,,,,,,,,,,,,,,5,0,,,,0,,,,,,0,,0,1,,,,,,0,,7,,,2,1,0,0,,,0,0,,,,,,,0,,,,,,,,,,,16,,,,,,,,,,,0,,,0,,,,0,,0,,,,,0,,0,410,,,,1,0,,,,,,683
Qatar,0,,,,,,,,,,,,,,,518,,,,,,,,,,,,,,,,,,,,,,,,,,,,,,,,,,,,,,,,,,"1,033",,,,,4,,,,28,,,,,,,,,,,,,,,,,,,,"4,023",104,31,,,,,,,,202,,,,,,,0,,,,66,,,,,,,,,,,,,,,,,,,,,,,,6,,,,"1,683",1,,,,,40,,,,372,,,,,,"1,150",,,,,,,,,,,1,,,,,,,,,,,,,,511,,,,,24,,,,,8,,,14,,,,,5,4,,,,,,,3,7,,,,,,,11,158,,,"10,009"
Romania,0,1,0,,,0,,0,0,,0,4,0,,,0,,0,34,0,,,0,0,0,0,0,,21,,,0,0,0,0,,,,,0,21,0,,0,,0,,2,,,0,3,1,,,0,0,0,0,,,0,0,,,0,43,,,0,0,14,0,5,,0,,0,0,0,0,0,0,,55,0,0,0,1,0,1,,1,71,0,1,4,0,0,0,,0,,0,,,0,16,,0,,,0,1,,0,0,0,0,0,0,0,,,0,0,,109,,0,0,0,0,,,,1,,0,,,0,,0,,0,,0,,0,0,0,1,2,,0,,5,0,,,,0,0,5,0,0,,,1,0,,,0,,127,,,,,,0,0,,2,1,3,0,,0,,,,0,0,1,,,,0,15,,1,6,,,,0,0,,0,0,,,583
Russian Federation,1,0,1,,,0,0,0,"1,380",,2,16,"1,107",,,1,0,576,10,0,0,1,0,0,1,0,1,,7,0,0,0,0,0,0,,,,,0,326,0,0,0,,0,0,1,,0,0,50,1,0,0,0,0,5,0,,,137,0,,0,7,31,,,0,"1,223",522,0,1,,0,,0,0,0,0,0,0,0,121,0,24,0,2,0,0,,8,5,0,4,3,133,1,0,,9,,0,"1,735",0,193,10,0,0,,,269,1,0,0,0,0,1,0,0,0,0,,0,0,0,656,,71,0,2,0,0,0,0,1,0,0,0,0,14,,3,0,2,,0,0,0,0,1,51,0,,1,4,,0,0,,0,0,0,,0,0,,0,6,1,0,,0,,12,2,,0,,,0,0,0,5,2,1,"2,952",0,1,,0,0,0,1,3,30,,1,0,"3,936",,1,10,0,"5,588",0,0,52,,0,1,0,,"21,344"
Rwanda,,,,,,,,,,,0,,,,,,,,11,,,,,,,,,,,,7,,,,0,,,,,,1,,,3,,,,,,,,,,,,,,,,,,,,,,,3,,,,,1,,,,,,,,,,,,,,,1,,,,,,,,,,,,2,,,,,,,,,,,,,,,,,,,,,,,,,,,,,,,,,,,,,,,,,,,,,,0,,,,,,,,,,,,,,,,,,,,,,,,,,,,,,,,,,,,,,,,,,,,7,,,,,,,,,,,160,,,0,0,,,,,,,,,,,196
Samoa,,,,,,,,,,,6,,,,,,,,,,,,,,,,,,,,,,,,0,,,,,,0,,,,,,,,,,,,,,,,,,,,,,,,0,,0,,,,,0,,,,,,,,,,,,,,,,,,,,,,,,0,,,,0,,,,,,,,,,,,,,,,,,,,,,,,,,,,,,,,,,,,,,,2,,,,,,,,,,0,,,,,,,,,,,,,,,,,,,,,,,0,,,,,,,,,,,,,,,,,,,,,0,,,,,,0,,,,0,3,,,0,,,,,,,,12
San Marino,,0,,,,,,0,,,,0,,,,,0,0,0,,,,,,0,,0,,0,,,,,,,,,,,0,0,0,,,,,,0,,,,0,,,,0,0,0,,,,,,,,0,0,,,,,0,,,,,,,,,,,,,0,,0,,0,,,,0,11,,0,,0,,,,,,,0,,0,,,,,,0,,,0,,,,,,,,,,0,,0,,,,0,,,,,,,,,,0,,,,,,,,,0,0,0,0,,,0,0,,,,,,,0,,,,,0,,,,,,0,,,,,,,,,0,,,,,,,,,,0,0,,,,,0,,0,0,,,,,,,,,,,13
Sao Tome and Principe,,,,,,0,,,,,,,,,,,,,,,0,,,,,,,,,0,0,0,,0,,,,,,,,,,0,,,,,,,,,,,,,,,,,,,,,,,2,,,,,,0,,,,,,,,,,,,,,,,,,,,,,,,,,,,,,,,,,,,,,,,,,,,,,,,0,,,,,,,,,,,,,,,,,,,,,5,,,,,,,,,,,,0,,,,,0,,,,,0,,,,,,,,,,,,,,,,,,0,,,,,,,,,,0,,,,,,,,,,,,,,,,,,,,,,,8
Saudi Arabia,95,,,,,,,,,,,,,,,"3,785",,,,,,,,,,,,,,,,,,,,,,,,,,,,,,,,,,,,,,,,,,"7,573",,,,,157,,,,,,,,,,,,,,,,,,,,,,,,"10,836","3,281",,,,,,,,,"1,461",,,,,,,2,,,,"1,804",,,,,,,,,,,,,,,,,,,,,,,,51,,64,,"1,598",,,,,,334,,,,"4,489",,,,,,"3,235",,,,,,,,,,,,,,,,,,,,,,,,,"2,244",,,,,189,,,,,475,,,136,,,,,45,38,,,,,,,11,77,,,,,,,379,"2,159",,,"44,519"
Senegal,,,3,,,,,,,,,,,,,,,,,,1,,,,,,1,,,,,,,0,,,,,,,,,,,,,1,,,,,,,,,,,,,,,,,,,,133,,,5,,3,0,,,,,,7,7,,,,,,,,,,,,,,,,,,,,,,,,,,,,8,,,,,,,,,,,,,22,,,,,,,,,,,5,,,,,,,,,1,9,,,,,,,,,,,,,,,,,,,,,1,,,,3,,,,,,,,,,,,,,,,,,,,,,,,,1,,,,,,,,,,,,1,,,,,,,,,,,212
Serbia,,0,,,,,,0,,,3,36,,,,,,0,4,,,,,,311,,0,,2,,,,,,0,,,,,,4,,,,,,,428,,,,5,1,,,,,,,,,,,,,,72,,,,,52,,1,,,,,,,,,,,26,,,,,0,,,,3,,,1,,,,,,,,,,,,,,,,,,,21,,,,,,,,,,,,1,,,101,,,,,,1,,0,,,,,,,,,,,,,,3,,,,8,2,,,,,,,,,,,,3,56,,,0,,,,,,,,,,,11,8,0,,,,,,,,,0,,,,,3,,0,2,,,,,,,,,0,,"1,168"
Seychelles,,,,,,0,,0,,,0,0,0,,,0,,,1,,,,,,,,0,,0,,,,,,0,,,,,,3,,,,,,0,0,,,,0,0,,,,,0,,,,,0,,,0,3,,,,,0,0,0,,,,,0,,,0,,,0,0,27,0,0,,0,,0,0,,0,,,1,,,0,,,,,,0,,,,,0,0,,,2,0,0,0,,,,,1,,,,,0,,0,0,,0,0,0,,0,,,2,,0,0,0,,,0,,,3,,0,,,0,0,0,,,,,0,0,,0,,,0,,,,0,,0,2,0,,,,,,0,0,0,0,,0,1,,,,0,,,,,,0,0,,0,0,,,0,0,0,,,,0,,49
Sierra Leone,,,,,,,,,,,,,,,,,,,,,0,,,,,,,,,0,,0,,,0,,,,,,1,,,,,,0,,,,,,,,,,,,,,,,,,,,,,,3,,0,0,,,,,,10,0,,,,,,,1,,,,,,,,,0,,,0,,,0,,,,,,8,,16,,,,,,,,,,,1,,,,,,,,,,,,,,,,,,,,0,30,,,,0,,,,,,,,,,,,0,,,,,,1,,,,,,,,,,,,,,,,,,,,,,,,,,,,0,,,,,,,,,,,0,1,,,,,,,,,0,,74
Singapore,,,,,,,,,,,46,,,,,220,,,,,,,,,,,,,,,,,,,4,,,,,,"2,808",,,,,,,,,,,,,,,,,,,,,,,,,,,,,,,,,,,,,,,,,,,27,,,845,365,,,,,,,,,,,,,,,,,,,,,,,,,,,7,,,,"1,010",,,,,,,,,,,,,,,,,,,,2,,,,,,,403,,,,,,75,,,,,,,,,,,,,,,,,,,,,,,,,44,,,,,,,,,,,,,111,,,,,,,,,,,,,,35,,,,,,,,,,,"6,003"
Sint Maarten (Dutch part),,,,,,,0,0,,1,,,,,,,0,,,,,,,,,,,,,,,,,,0,,,,,,1,0,,,,,,,,1,,,,,0,11,,,,,,,,,,,1,,,,,,,,,0,,,,,1,4,,0,,,4,0,,,,,,0,4,0,,,,,,,,,,,,3,,,,,,,,,,,,,,,,,,0,,,,,,,,,,,1,,0,,,,,0,,,,,,,,,,0,,,,,,,,,,,,,,,,,,,,,,0,,2,0,,0,,0,,,,,,,,,,,0,,,,,,,,,0,1,,,,0,,,,,,,36
Slovak Republic,0,0,0,,,0,0,0,0,,1,14,0,,,0,0,0,14,0,0,,,0,0,0,0,,2,0,0,,0,0,0,,,,,0,4,0,,0,,0,0,1,,,0,399,1,,0,0,0,1,0,,,0,0,0,,0,29,0,,0,0,11,0,0,,0,,0,0,0,0,,0,,124,0,0,0,0,0,1,,0,5,0,0,0,0,0,0,,1,,0,0,0,0,1,0,0,,,0,2,,0,0,0,0,,,0,,,0,0,0,0,,0,0,0,0,0,0,0,1,0,0,0,0,1,,1,0,0,,0,0,0,0,0,8,0,,0,5,1,0,0,,0,0,0,4,0,0,,,,1,0,,0,,5,0,,,,,0,,0,2,3,0,0,0,0,,0,,0,0,0,,,0,0,13,,2,5,0,,0,0,6,,0,0,0,,675
Slovenia,0,0,0,,,0,,3,0,0,10,51,0,,,0,0,0,12,0,0,,,0,144,0,0,,2,0,0,0,0,0,2,,,,,0,9,0,,0,,0,0,117,,,0,3,0,,0,1,0,1,,,,0,0,,0,0,49,,,0,0,58,0,0,,,,0,0,0,0,0,0,,5,0,1,0,0,0,0,,0,24,0,0,0,0,0,,,0,73,0,0,0,0,0,,0,,,0,2,,11,0,0,0,,0,0,,,0,0,,1,,0,4,0,0,0,0,0,1,,0,0,,1,,0,0,0,,0,0,0,0,1,1,0,,0,1,1,0,,,,0,0,110,,0,,,3,,0,,0,,7,0,,,,,0,,,7,17,0,0,0,2,,0,,0,0,0,,,,0,3,,1,3,0,,,0,0,,0,0,0,,751
Solomon Islands,,,0,,,,,,,,2,,,,,0,,,,,,,,,,,,,,,,,0,,,,,,,,,,,,,,,,,,,,,,,,,,,,,,,,,,28,64,,,,,,,,,,,,,,,,,,,1,2,,,0,,,,,,,,,,,,,,,0,,,,,,,,,,,,,,,,,,,,,,,,,,0,,,,,,,0,,,,,,,0,,,,,,0,,,,,,,,,,,,,,,,,,,,,,,,,,,,,,,,,,,,,,,,,,,0,,,,,,,,0,0,,,1,,0,,,,,,100
Somalia,,,,,,,,,,,,,,,,0,,,,,,,,,,,,,,,,,,,,,,,,,,,,0,,,,,,,,,,,,,,,,,,,1,,,,,,,,,,,,,,,,,,,,,,,,,,,,,,,,,,,,,,,,,,,,,,,,,,,,,,,,,,,,,,,,,,,,,,,,,,,,,,,,,,,,,,,,,,,,,,,,,,,,,,,,,,,,,,,,,,,,,,,,,,,,,,,,,,,,,,,,,0,,,,,,,,,,,,0,,,1
South Africa,0,0,0,,,0,,1,,,17,15,,,,30,0,0,166,,0,6,,0,0,40,4,,4,,1,,,1,3,,,,,0,127,0,0,1,,,0,1,,4,2,5,13,,,,,16,,,,0,15,,0,1,93,,,,,116,1,4,,,,0,0,0,0,,,1,,0,175,2,0,0,12,,8,59,0,5,0,,38,,,3,,0,0,0,1,7,439,1,,,1,1,,0,1,10,1,0,0,1,,,12,0,,,,,,2,130,0,11,0,31,,2,0,0,304,,3,0,24,,0,0,0,0,5,17,106,,,1,2,3,,,,0,7,7,1,0,,2,1,,0,,,,9,3,0,,,,0,,28,2,6,0,,3,4,,,,0,0,0,,,,16,5,,107,36,0,,,0,0,,0,0,16,,"2,364"
South Sudan,,,,,,,,,,,,,,,,,,,,,,,,,,,,,,,,,,,,,,,,,,,,1,,,,,,,,,,,,,,20,,,,,3,,,,,,,,,,,,,,,,,,,,,,,,4,,,,,,,,,,,,13,,,,,,,,,,,,,,,,,,,,,,0,,,,,,,,,,,,,,,,,,,,,44,,,,,,,,,,,,,,,,,,,,,,,,,,,,,,,,,,,,,,,,63,,,,,,,,,,,,,,,,,,199,,,,,,,,,,,,,,,348
Spain,,2,65,,,0,,148,30,,26,54,,,,24,,3,968,,0,,,268,2,,166,,198,0,,5,,4,5,,,,,0,"1,065",625,,0,,15,2,3,,,0,43,63,,0,494,954,22,22,,,4,3,,,45,"2,763",,,53,31,893,3,3,,,,36,5,5,,,157,,70,7,170,4,4,0,17,,6,244,,20,9,0,5,,,9,,,,,9,32,,2,,,80,43,,0,,,,,41,2,,,,81,,41,,,,"1,719",,,,8,81,,1,33,,706,,69,,188,,22,,57,352,165,138,281,,,792,43,,,,,1,215,11,,1,,,27,5,,,3,,,,,,,,,,,248,263,2,,,10,,1,,,9,1,,,,,114,,135,80,29,,,30,6,,,,,,"16,015"
Sri Lanka,,,,,,,,,,,2,,,,,,,,,,,,,,,,,,,,,,,,,,,,,,2,,,,,,,,,,,,0,,,,,,,,,,,,,,5,,,,,1,,,,,,,,,,,,,,,"1,141",,,,,,,0,,0,,,,,,,,,,,,,,,,,,,,,,,0,,,,,,,,,,,,,,,0,,,,,,,,,,0,,1,,,,,,,,,,,,0,,,,,,,,,,,,,,,,,,,,,,,,,,,3,0,,,,,,,,,,,,,,,,,0,0,,,,,,,0,,,,"1,155"
St. Kitts and Nevis,,,,,,,0,,,,0,,,,,0,0,,0,,,1,,0,,,0,,,,,,0,,0,,,,,,0,,,,,,,,,0,0,,,,0,2,,0,,,,,,,,,0,,,,,0,0,0,,0,,,,,1,0,0,,,,0,0,0,,0,,0,0,0,,,,0,,,,,,,,,0,,,,,0,,,,,,,,,0,,,0,0,,,,,,,,,,,0,,,,,0,,,,,,,,,,0,,0,,,,0,,,,,0,,,,0,,0,,,,,0,,0,,,0,,0,,0,,,0,0,,0,0,,,,0,,,,,,0,,,0,2,,,,0,0,,,,,,7
St. Lucia,,,,,,,0,,,0,0,,,,,,1,,,0,,1,,,,,0,,,,,,,,0,,,,,,0,,,,,,,,,,,,,,0,0,,,,,,,0,,,,1,,,,,0,0,,,0,,0,,,1,,,,,,0,,,,,,,0,0,0,,,,,,,,,,,,0,,,,,,,,,,,,,,,,,,0,,,,,,,,,,,0,,0,,,0,,,,0,,0,,,,,,,,,,,,,,,,,,,,,,,,,,0,,,,0,,,0,,0,,,,0,,,,,,,0,,,,,,,,,0,1,,,,0,,,,,,,8
St. Martin (French part),,,,,,,,,,,,,,,,,,,,,,,,,,,,,,,,,,,,,,,,,,,,,,,,,,,,,,,,,,,,,,,,,,,,,,,,,,,,,,,,,,,,,,,,,,,,,,,,,,,,,,,,,,,,,,,,,,,,,,,,,,,,,,,,,,,,,,,,,,,,,,,,,,,,,,,,,,,,,,,,,,,,,,,,,,,,,,,,,,,,,,,,,,,,,,,,,,,,,,,,,,,,,,,,,,,,,,,
St. Vincent and the Grenadines,,,,,,,0,,,,,,,,,,0,,,,,,,,,,,,,,,,,,0,,,,,,,,,,,,,,,,,,,,0,,,,,,,,,,,,,,,,,,,,,,,,,,1,,,,,,,,,,,,,,0,,,,,,,,,,,,,,,,,,,,,,,,,,,,,,,,,,,,,,,,,,,,,,,,,,,,,,,,,,,,,,,,,,,,,,,,,,,,,,,,,,,,0,,,,,,,,,,,,,,,1,,,,,,,,,0,2,,,,,,,,,,,5
Sudan,,,,,,,,,,,,,,,,,,,,,,,,,,,,,,,0,,,,,,,,,,6,,,0,,,,,,,,,,,,,,63,,,,,21,,,,,,,,,,,,,,,,0,,,,,,,,4,,,0,,,,,,,,,4,,,,,,,,,,,,,,,,,,,,,,1,,,,,,,,,,,,,,,,,,,,,220,,,,,,,,,,,,,,,,,,,,,,,,,,,,,,,,,,,,,,,,,,,,,,,0,,,,,,0,,,,,2,,,,,,,,,,,0,,,,322
Suriname,,,,,,,,,,,,,,,,,,,,,,,,,,,9,,,,,,,,,,,,,,26,,,,,,,,,,,,,,,,,,,,,,,,,,41,,,,,,,,,,,,,,7,1,,,,,,,,,,,,,,,,,,,,,,,,,,,,,,,,,,,,,,,,,,,,,,,,,,,,,,,17,,,,,,,,,,,,,,,,,,,,,,,,,,,,,,,,,,,,,,,,,,,,,,,,,,,,,,,,,,,,,,,,,,,1,,,,,,,,,,,102
Swaziland,,,,,,0,,,,,0,,,,,,,,,,,,,,,0,,,,,0,,,,0,,,,,,,,,0,,,,,,,,,,,,,,,,,,,0,,,,,,,,,,,,,,,,,,,,,,,,,,,,,,,,,,,,0,,,,,,,,,,0,0,,,,,,,,,,,,,,,,,,,,,,,2,,,,,,0,,,0,,,,,,,,,,,,,,,,,0,,,,,,,,0,,,,,,,11,,,0,,,,,,,,,,,,,,,,,,,,,,,0,,,,0,,,,,,,,,,,15
Sweden,4,2,3,,,0,0,2,7,,17,32,4,,,16,0,2,48,0,0,1,0,7,72,0,10,,10,0,1,0,0,1,3,,,,,0,185,21,0,0,,2,1,12,,,0,8,223,1,0,2,5,30,8,,,26,15,,0,568,110,,,15,4,186,1,12,,0,,4,0,0,0,0,2,0,127,30,105,5,57,16,2,,6,25,1,12,16,0,12,0,,27,38,0,3,0,15,277,0,3,,,41,9,,3,0,0,1,0,0,1,0,,0,4,0,2,,8,1,21,0,0,0,2,16,,1,2,0,85,,158,0,31,,1,0,0,14,53,152,7,,3,24,13,1,0,,0,2,3,24,0,0,,,5,5,0,,3,,78,27,,0,,0,1,0,0,,14,19,2,1,211,0,1,0,0,17,17,,,,17,9,,8,41,1,,0,0,74,,1,3,0,,"3,702"
Switzerland,1,2,11,,,0,0,5,2,,29,364,1,,,5,0,1,351,0,1,,0,6,75,0,53,,8,0,0,3,1,7,11,,,,,0,124,22,0,1,,5,2,39,,,0,70,31,0,0,37,12,37,2,,,2,5,,0,20,"1,941",,,3,2,"1,385",1,8,,0,,6,1,0,0,3,3,,140,2,102,8,8,1,4,,9,704,2,28,3,0,14,0,,9,339,0,2,0,4,69,0,1,,,5,71,,36,7,0,2,0,1,2,0,,5,12,,3,,3,5,44,1,0,0,3,39,,1,1,0,79,,9,0,13,,2,0,1,19,64,52,450,,2,15,13,2,0,,0,1,11,389,0,0,,,47,17,0,,10,,573,131,0,0,,0,0,0,0,115,,2,1,0,116,0,3,0,0,41,31,,,0,4,11,,17,82,1,,0,1,58,,0,1,0,,"8,778"
Syrian Arab Republic,0,,,,,,,,,,,,,,,,,,,,,,,,,,,,,,,,,,,,,,,,,,,,,,,,,,,,,,,,,,,,,,,,,,,,,,,,,,,,,,,,,,,,,,,,,82,,,,,,,,,,,,,,,,,,,,,,,,,,,,,,,,,,,,,,,,,,,,,,,,,,,,,,,,,,,,,,,,,,,,,,,,,,,,,,,,,,,,,,,,,,,,0,,,,,,,,,,,,,,,,,,,,,,,,,,,,,116,,,,199
Tajikistan,1,,0,,,,,,0,,,,0,,,,,0,,,,,,,,,,,,,,,,,,,,,,,,,,,,,,,,,,,1,,,,,,,,,,,,,,,,,,1,1,,,,,,,,,,,,,,,2,,1,,,,,,,,,0,,,,,,,22,,,,,,,,,,,,,,,,,,,,,,,1,,,,,,,,,,,0,,,,,,,0,,,,,,,,,,,,155,,,,,,,,,,,,,,,,,,,,,,,,,,,,,,,,,,,,,,0,,,,,1,,0,1,,,,,,,,,,,187
Tanzania,,,,,,0,,,,,,,,,,,,,,,,,,,,0,,,,,27,,,,3,,,,,,124,,0,2,,,,,,,,,,,,,,,,,,,,,,,,,,,,30,,,,,,,,,,,,,,,138,,,,,,,15,,,,,96,,,,,,,,,,0,,,,,,,,,1,,,,,,,1,,,,,,,,3,,0,,,,,,,,,,,5,,,,,,,,,,,,,12,,,,,,,0,,,,,,,,9,,,,,,,,,,0,,,,,,,,,,,,,,,,29,,,7,37,,,,,,,,,2,,542
Thailand,0,,,,,,,,,,53,,,,,12,,,,,,,,,,,9,,,,,,178,0,5,,,,,,838,,,0,,,0,,,,,,19,,,,,0,,,,,,,,8,281,,,,,92,,,,,,,,,,,,1,,,180,5,1,0,,,,20,,293,,,,,,35,,,,40,,,,0,,,,,,,,,7,,,,,,,4,,,,,,,,124,,16,9,,1,,,26,,14,,12,,,,,,66,,1,,,,5,0,,,,0,,,,,,,,,,,3,,,19,,,,,0,,,72,27,,,,,,0,,,,0,,,,,,,30,87,,,,,62,,0,,,,"2,655"
Timor-Leste,,,,,,,,,,,3,,,,,0,,,,,,,,,,,0,,,,,,,,,,,,,,7,,,,,,,,,,,,,,,,,,,,,,,,,,,,,,,,,,,,,,,,,,,,,,,10,,,,,,,,,,,,,,,,,,,,,,,,,,,,,,,0,,,,,,,,,,,,,,,,,,,,0,,,,,,,0,,,,,,3,,1,,,,,,,,,,,,,,,,,,,,,,,,,,,,,,,,,,,,1,,,,,,,,,,,,,,0,,,,,1,,,,,,25
Togo,,,,,,,,,,,,,,,,,,,,,18,,,,,,,,,,0,,,,,,,,,,,,,0,,,2,,,,,,,,,,,,,,,,,,,,61,,,,,2,5,,,,,,,,,,,,,,,,,,,,,,,,,,,,,,,,,,,7,,0,,,,,,,,,,,2,,,,,,,,,,,,,,,,,,,,6,233,,,,,,,,,,,,,,,,,1,,,,,,,,,,,,,,,,,,,,,,,,,,,,,,,,,,,,,,,,,,,,,1,,,,,,,,,,,338
Tonga,,,,,,,,,,,,,,,,,,,,,,,,,,,,,,,,,,,,,,,,,1,,,,,,,,,,,,,,,,,,,,,,,,1,,,,,,,,,,,,,,,,,,,,,,1,,,,,,,,,0,,,,,,,,,,,,,,,,,,,,,,,,,,,,,,,,,,,,,,,,,,,,,,,,,,,,,,,,,,,,,,,,0,,,,,,,,,,,,,,,,,,,,,,,,,,,,,,,,,,,,,,,,,,,,,,,,,,,,,,,3
Trinidad and Tobago,,,,,,,,,,,,,,,,,1,,,,,,,,,,,,,,,,,,,,,,,,,,,,,,,,,,,,,,,,,,,,,,,,,,,,,,,,,,,3,,,,,3,,,,,,2,,,,,,,,,,,,,,,,,,,,,,,,,,,,,,,,,,,,,,,,,,,,,,,,,,,,,,,,,,,,,,,,,,,,,,,,,,,,,,,,,,,,,,,,,,,,0,,3,,,,,,,,,,,,,,,,,,,,,,1,8,,,,0,,,,,,,21
Tunisia,,,12,,,,,,,,,,,,,,,,,,,,,,,,,,,,,,,,,,,,,,,,,,,,0,,,,,,,,,,,,,,,,0,,,,41,,,,,,,,,,,,,,,,,,,,,,,0,,,,4,,,,,,,,,,,,,,,,,,,,,,,,,,,,,,,,,,,,,,12,,,,,,,,,,,,,,,,,,,,,,,,,,,,,,,,,,,,,,,,,,,,,,,,,,0,,,,,,,,,,,,,,,,,,,,,,,,,,,,,0,,,,68
Turkey,2,4,1,,,0,,0,3,0,20,118,36,,,1,0,0,275,0,0,1,0,0,4,0,1,,830,,0,,0,0,2,,,,,0,13,0,0,0,,0,0,1,,0,9,7,26,,0,0,,6,0,,,0,0,,0,9,295,0,,0,26,"1,537",0,69,,,,0,0,,0,,0,0,6,0,3,0,15,1,1,,10,11,0,11,6,1,1,,,2,,0,11,0,0,17,0,0,,,2,2,,44,0,0,0,0,0,0,0,,0,0,,11,,1,83,1,0,,0,0,51,0,0,0,0,8,,20,0,4,,0,0,0,0,3,9,1,,1,29,19,0,0,,,6,0,283,0,0,,,2,1,0,,1,,16,0,,0,,,0,0,,88,65,224,2,0,1,0,0,,0,2,,,,0,0,8,,10,44,0,,0,0,0,,1,0,0,,"4,435"
Turkmenistan,,,,,,,,,6,,,,7,,,,,8,,,,,,,,,,,,,,,,,,,,,,,2,,,,,,,,,,,,,,,,,,,,,2,,,,0,,,,,9,8,,,,,,,,,,,,,,,,,,,,,,,,,,1,,,,1,,,6,,2,,,,,,11,,,,,,,,,,,,,,,6,,,,,,,,,,,,,,,,,,,,,,,,,6,,,,0,79,,,,,,,,,,,,,,,,,,,,,,,,,,,,,,13,,,,,,,,0,,,,,36,,,,,,,,0,,,,,,205
Turks and Caicos Islands,,,,,,,,,,,,,,,,,,,,,,,,,,,,,,,,,,,0,,,,,,,,,,,,,,,,,,,,,2,,,,,,,,,,,,,,,,,,,,,,,,,,10,,,,,,,,,,,,,,,,,,,,,,,,,,,,,,,,,,,,,,,,,,,,,,,,,,,,,,,,,,,,,,,,,,,,,,,,,,,,,,,,,,,,,,,,,,,,,,,,,,,,,,,,,,,,,,,,,,,,,,,,,0,2,,,,,,,,,,,14
Tuvalu,,,,,,,,,,,0,,,,,,,,,,,,,,,,,,,,,,,,,,,,,,,,,,,,,,,,,,,,,,,,,,,,,,0,,,,,,,,,,,,,,,,,,,,,,,,,,,,,,,,,,,0,,,,,,,,,,,,,,,,,,,,,,,,,,,,,,,,,,,,,,,0,,,,,,,,,,,,,,,,,,,,,0,,,,,,,,,,,,0,,,,,,,,,,,,,,,,,,,,,,,,,,,,,,,0,0,,,,,,,,,,,0
Uganda,,,,,,,,,,,,,,,,0,,,1,,,,,,,,,,,,2,,,,0,,,,,,2,,,3,,,0,,,,,,1,,,,,,,,,,0,,,,3,,,,,1,,0,,,,,,,,,,,,,15,,,,,,,1,,1,,,72,,,0,,,,,,,,,,,,,,,,0,,,,,,,,,,,,,,,0,,,,0,,,,,0,,,,1,,,,,,,,,,,,0,31,,,,,,,,,,,,,,,,,0,,,,,,3,,,0,,,,4,,,0,,,,,,,,,,,0,2,,,,,,,,,0,,146
Ukraine,0,0,0,,,0,,0,118,,0,,123,,,0,0,193,3,0,0,,0,0,0,,0,,2,,0,,0,0,0,,,,,0,28,0,,0,,0,,0,,,0,35,0,,,0,0,1,0,,,25,0,,0,1,18,2,,0,165,243,0,0,,0,,0,0,0,,0,0,0,82,0,5,0,1,0,0,,1,1,0,0,4,12,0,,,1,,0,67,0,44,8,,0,,,98,1,,,0,,0,,0,0,,,,0,,305,,13,,1,0,,0,0,0,6,0,0,0,5,,1,0,1,,0,,0,0,0,261,0,,,,"2,219",0,,,,0,0,,0,,,,7,1,0,,0,,2,0,,,,,0,0,,1,0,0,154,0,0,,0,,,1,0,,,,0,,,0,2,0,,,0,11,,0,1,0,,"4,280"
United Arab Emirates,1,,,,,,,,,,,,,,,"2,622",,,,,,,,,,,,,,,,,,,,,,,,,,,,,,,,,,,,,,,,,,"1,837",,,,,13,,,,130,,,,,,,,,,,,,,,,,,,,"12,638",716,364,,,,,,,,701,,,,,,,1,,,,285,,,,,,,,,,,,,,,,,,,,,,,,23,,,,666,5,,,,,150,,,,"4,151",,,,,,"3,457",,,,24,,,,,,,7,,,,,,,,,,,,,,624,,,,,61,,,,,30,,,60,,,,,20,17,,,,,,,12,34,,,,,,,41,562,,,"29,253"
United Kingdom,10,15,24,,,0,,9,,,527,87,,,,512,17,5,696,,,,,,8,,73,,74,,,,,10,82,,,,,0,966,46,,2,,,,16,,,41,197,113,,2,,11,164,,,,24,16,,6,51,"1,737",,,31,,"1,181",16,32,,4,,,,,15,,,42,396,,"3,641",23,62,9,417,,50,353,281,155,33,0,494,,,52,31,0,,,165,190,,,,,547,,,,,4,50,,,174,,,77,20,,,,,,53,4,1,,117,96,,34,,,"3,735",,63,8,"1,259",,,,,,558,"1,255",192,,,104,31,,,,,33,,,,8,,,227,,,,276,,755,504,,5,,3,2,,,362,72,4,,12,228,,,,7,31,29,,,,271,32,,,483,,,,2,124,,3,39,12,,"25,115"
United States,13,83,21,,,0,9,107,297,3,342,310,37,,,516,49,57,637,71,1,943,0,150,175,1,535,,97,0,0,48,66,46,775,,,,,0,"16,329","1,333",0,1,,410,7,81,,2,10,323,180,0,12,"3,466","1,093","1,004","3,868",,,31,205,1,49,77,"2,326",427,,30,50,"2,639",34,126,,16,,"5,289",8,0,219,"1,202","2,905",115,671,29,"11,177",238,343,26,151,,372,"1,095","1,616","1,300",372,2,460,6,,"2,906",59,0,14,12,59,"1,425",1,263,,,193,92,4,56,7,1,60,,2,76,21,,5,"24,396",16,123,,1,42,174,2,13,0,282,139,38,18,592,1,"5,740",,114,2,"1,016",,605,1,14,884,"9,661",990,388,,56,199,310,1,18,,0,83,62,344,2,23,,1,91,37,1,,141,,953,218,25,13,,15,8,0,,613,164,36,35,9,"1,574",,3,45,88,33,40,,,0,102,593,,278,,19,,0,43,"6,781",,33,135,3,,"130,851"
Uruguay,,,0,,,0,,14,0,0,1,1,,,,0,0,0,3,0,,0,,0,0,0,16,,0,,0,0,,0,0,,,,,0,1,1,0,0,,0,0,0,,,0,0,0,,0,0,1,0,0,,,0,0,0,0,0,11,0,,0,,4,0,0,,0,,0,,,0,0,0,0,1,0,0,0,0,0,0,,0,14,0,1,0,0,0,,,0,,0,0,,0,1,,,,,0,0,,0,,0,0,,,,,,,1,,0,,,,0,0,,0,0,0,0,0,0,,0,,0,0,0,,0,,1,2,0,1,1,,,0,0,,,,,0,0,0,,,,,0,0,,,0,,111,0,,,,0,,0,,3,1,0,,0,0,,,,0,0,0,,,,0,0,,0,6,,,,0,,,0,,0,,205
Uzbekistan,0,,,,,,,,39,,,1,47,,,,,53,,,,,,,,,,,1,,,,,,,,,,,,11,,,,,,,,,,,2,1,,,,,,,,,10,,,,3,,,,,54,49,,0,,,,,,,,,,,5,,1,,,,,,1,,,,,5,,,,4,,,32,,14,,,,,,73,,,,,,,,,,,,,,,34,,2,,,,,,,,,,,,,,,,,,,,,,,41,,,,3,377,,,,,,,,,,,,,,,,,,,,,,,,,,,1,,0,70,,,,,,,,2,,,,,222,,0,0,,,,,2,,,,,,"1,157"
Vanuatu,0,,0,,,,,0,,,3,,,,,,,,0,,,,,,,,,,,,,,,,0,,,,,0,1,,,,,,,,,,,,,,,,,,,,,,,,0,,7,0,,,,0,0,,,,,,,,,,,0,0,,0,0,0,,,,0,0,,0,,,0,0,,0,,,,,,,,,,,,,,,,,0,,,,0,,0,,0,,,,,,,0,,0,0,26,0,,,,,,,0,,,0,,,0,,,,,,0,0,0,,,,,,,,,,0,,0,,0,,0,,,,,,,,0,0,0,,,,,,,0,,,,,,0,0,0,,0,0,0,,0,,0,,,,0,,38
"Venezuela, RB",0,0,0,,,0,0,4,0,0,1,4,,,,0,0,,7,0,,,,2,0,,6,,0,,,0,,0,1,,,,,0,65,"1,283",,0,,4,0,1,,0,0,1,1,,0,36,58,1,2,,,0,0,,,0,39,,,,0,13,0,0,,0,,2,0,,5,2,1,0,6,0,1,0,0,0,0,,1,108,0,1,1,,0,,,1,,0,,0,0,60,,,,,0,0,,0,0,,0,,0,0,,,,5,,,,,0,2,0,,,,1,,0,3,,1,,0,,0,,3,0,0,64,1,1,91,,,1,0,0,,,,1,0,2,,0,,0,0,0,,,0,,537,0,0,0,,0,0,0,0,1,2,5,,0,0,0,,,1,0,0,,,,0,0,,1,20,1,,,,0,,0,,0,,"2,463"
Vietnam,,0,,,,0,0,0,,,1,2,,,,1,,,3,,,,,,,,1,,0,,,,0,,0,,,,,,47,,,,,,,,,,,,,,,0,,,,,,,,,,,,,,,,1,,,,,,,,,,,,1,,,6,13,,,,,,0,,2,,,,,,0,,,,0,,,,,,,,,,,,,,,,,,,,,,,,,,,,1,,3,,,,,,,,3,,0,,,,,0,1,,,,,,,,,,,0,,,,,,,,,,,,,,1,,,,,,,,,,0,,,2,0,,,,,,,,,,,,1,5,,,,,,,,,,,97
Virgin Islands (U.S.),,,,,,,2,,,0,,,,,,,0,,,,,,,,,,,,,,,,,,,,,,,,,,,,,,,,,0,,,,,2,20,,,,,,,,,,,,,,,,,,,,0,,,,,,1,,,,,,,,,,,,,1,,,,,,,,,,,,,,,,,,,,,,,,,,,,,,,,,,,,,,,,,,,,,,,,,,,,,,,,,,,,,,,,,,,,,,,,,,0,,,,,,,,,16,2,,0,,,,,,,,,,,,,1,,,,,,,,,,37,,,,,,,,,,,85
West Bank and Gaza,,,,,,,,,,,,,,,,,,,,,,,,,,,,,,,,,,,,,,,,,,,,,,,,,,,,,,,,,,85,,,,,,,,,,,,,,,,,,,,,,,,,,,,,,,,,,,150,,,,218,,,,,,,0,,,,33,,,,,,,,,,,,,,,,,,,,,,,,,,,,,,,,,,,,,15,,,,,,,,,,,253,,,,,,,20,,,,,,,,,,,,,,,,,,,,,,,,2,,,,,,,,2,,,,,,,,,17,,,,,,,,2,,,796
"Yemen, Rep.",,,,,,,,,,,,,,,,,,,,,,,,,,,,,,,,,,,,,,,,,,,,,,,,,,,,,,,,,,51,,,,,2,,,,,,,,,,,,,,,,,,,,,,,,,,,1,,,,,,,,,,,,,,,,,,,,,,,,,,,,,,,,,,,,,,,,,,,,,,,,,,,,,,,,,,,,,,,,,,,,,,,,,,,,,,,,,,,,,,,,,,,,4,,,,,1,,,,,,,,,,,,,,,,,,,,,,0,,2,,,,60
Zambia,,,,,,0,,,,,0,,,,,,,,,,,,,,,0,,,,,0,,,0,0,,,,,,1,,,0,,,,,,,,,,,,,,0,,,,,,,,,0,,,,,0,0,,,,,,,,,,,,,,7,,,,,,,,,0,,,0,,,,,,,,,,,,,,,,,,,0,,,0,,,,,,,,,,,,0,,0,,,,,,,1,,,,,,,,,,,,,,,,,3,,,,,0,,,,,,,,,,1,,,,,,,,,,,,,,,0,,,,,,,,,,,0,,,0,1,,,,,,,,,,,17
Zimbabwe,,,,,,,,,,,,,,,,,,,,,,,,,,3,,,,,0,,,,,,,,,,,,,0,,,,,,,,,,,,,,,,,,,,,,,,,,,,,,,,,,,,,,,,,,,,,,,,,,,,,,,,,,,,,,,,,,,,,,,,,,7,,,,,,,,,,,,,,,29,,,,,,,,,,,,,,,,,,,,,,,,,,0,,,,,,,,,,,,,,,13,,,,,,,,,,,,,,,,,,,,,,,,,,,,,5,,,,,,,,,,5,,63
World,636,"1,118","2,020",,,0,21,540,"2,159",7,"2,292","2,956","1,898",,,"14,969",87,"1,258","11,322",81,217,"1,305",14,"1,201","1,993",48,"2,427",,"1,719",121,51,188,304,251,"1,183",,,,,0,"64,140","4,233",121,35,,612,378,"1,524",,37,91,"2,537","1,378",36,24,"4,650","2,524","19,612","4,236",,,476,646,161,209,"1,106","24,760",669,,191,"2,065","15,802",126,824,,31,,"5,845",95,47,341,"1,954","3,329",373,"4,473",216,"70,389","8,551","1,382",271,802,,901,"7,715","2,264","3,729","3,757",209,"1,481",13,,"6,481","1,226",4,"2,246",60,790,"8,899",456,528,,,"2,399","1,964",50,367,432,30,"1,565",3,923,665,22,,267,"24,866",22,"1,981",,265,441,"6,962",218,232,11,"5,875","1,589",479,476,"1,140",157,"20,921",,760,39,"17,060",,760,15,591,"2,639","28,403","7,466","4,351",,496,"3,431","7,116",179,140,,29,272,"1,644","3,656",15,104,,22,"2,121",717,17,,"1,039",,"10,990","7,036",52,30,,33,432,9,30,"3,976","2,737","1,623","3,835",64,"5,655",45,343,114,131,"2,314","1,128",30,,4,994,"7,587",,"1,839","6,879",124,"5,588",24,121,"12,000",,"2,294","3,455",58,,"583,430"
,,,,,,,,,,,,,,,,,,,,,,,,,,,,,,,,,,,,,,,,,,,,,,,,,,,,,,,,,,,,,,,,,,,,,,,,,,,,,,,,,,,,,,,,,,,,,,,,,,,,,,,,,,,,,,,,,,,,,,,,,,,,,,,,,,,,,,,,,,,,,,,,,,,,,,,,,,,,,,,,,,,,,,,,,,,,,,,,,,,,,,,,,,,,,,,,,,,,,,,,,,,,,,,,,,,,,,,
Notes:,,,,,,,,,,,,,,,,,,,,,,,,,,,,,,,,,,,,,,,,,,,,,,,,,,,,,,,,,,,,,,,,,,,,,,,,,,,,,,,,,,,,,,,,,,,,,,,,,,,,,,,,,,,,,,,,,,,,,,,,,,,,,,,,,,,,,,,,,,,,,,,,,,,,,,,,,,,,,,,,,,,,,,,,,,,,,,,,,,,,,,,,,,,,,,,,,,,,,,,,,,,,,,,,,,,,,,,
"These estimates are based on the methodology developed by Ratha and Shaw, 2007, ""South-South Migration and Remittances,"" Development Prospects Group, World Bank (www.worldbank.org/prospects/migrationandremittances). The remittance data is for 2014, disaggregated using host country and origin country incomes, and estimated migrant stocks from 2013.",,,,,,,,,,,,,,,,,,,,,,,,,,,,,,,,,,,,,,,,,,,,,,,,,,,,,,,,,,,,,,,,,,,,,,,,,,,,,,,,,,,,,,,,,,,,,,,,,,,,,,,,,,,,,,,,,,,,,,,,,,,,,,,,,,,,,,,,,,,,,,,,,,,,,,,,,,,,,,,,,,,,,,,,,,,,,,,,,,,,,,,,,,,,,,,,,,,,,,,,,,,,,,,,,,,,,,,
"These estimates are based on the Migration and Remittances Factbook 2015, which includes new bilateral data on migration stocks"", World Bank (www.worldbank.org/prospects/migrationandremittances).",,,,,,,,,,,,,,,,,,,,,,,,,,,,,,,,,,,,,,,,,,,,,,,,,,,,,,,,,,,,,,,,,,,,,,,,,,,,,,,,,,,,,,,,,,,,,,,,,,,,,,,,,,,,,,,,,,,,,,,,,,,,,,,,,,,,,,,,,,,,,,,,,,,,,,,,,,,,,,,,,,,,,,,,,,,,,,,,,,,,,,,,,,,,,,,,,,,,,,,,,,,,,,,,,,,,,,,